sample,spot_id,pixels,mean_intensity,centroid_r,centroid_c
fed-01,1,30,0.242753236,5,347
fed-01,2,35,0.284422936,12,340
fed-01,3,57,0.341506547,15,375
fed-01,4,62,0.333472387,22,360
fed-01,5,23,0.223349621,24,385
fed-01,6,34,0.303785135,32,1528
fed-01,7,41,0.297225649,40,373
fed-01,8,40,0.221539254,40,1547
fed-01,9,9,0.228203759,40,1533
fed-01,10,32,0.277053292,46,1528
fed-01,11,19,0.200934013,51,1567
fed-01,12,34,0.33149866,54,1556
fed-01,13,27,0.223283007,57,1547
fed-01,14,22,0.213095015,58,1577
fed-01,15,12,0.198616515,58,1518
fed-01,16,35,0.304216504,64,1532
fed-01,17,38,0.306256601,67,1523
fed-01,18,43,0.246411557,68,1569
fed-01,19,16,0.2335832,68,8
fed-01,20,43,0.265143603,72,1137
fed-01,21,9,0.192970677,72,19
fed-01,22,32,0.241566529,75,8
fed-01,23,15,0.215648636,75,1538
fed-01,24,59,0.367324227,83,1546
fed-01,25,27,0.237387429,83,15
fed-01,26,44,0.306478148,87,1135
fed-01,27,59,0.245131531,88,250
fed-01,28,37,0.245953163,93,1518
fed-01,29,21,0.221309587,94,1149
fed-01,30,44,0.314804719,97,1532
fed-01,31,56,0.307121059,99,264
fed-01,32,31,0.214587625,105,1145
fed-01,33,69,0.427357878,110,1387
fed-01,34,34,0.231754922,109,1329
fed-01,35,173,0.415923186,151,1299
fed-01,36,9,0.206522384,171,1289
fed-01,37,40,0.270513085,214,27
fed-01,38,9,0.210810169,227,27
fed-01,39,16,0.221372168,234,40
fed-01,40,18,0.202875478,306,1657
fed-01,41,37,0.262577661,308,1669
fed-01,42,19,0.221793096,311,1647
fed-01,43,37,0.301476207,315,1655
fed-01,44,33,0.261964114,322,1704
fed-01,45,61,0.30692647,328,1646
fed-01,46,52,0.371145483,330,1696
fed-01,47,23,0.263292433,330,1714
fed-01,48,12,0.223988454,331,1636
fed-01,49,38,0.282758108,337,1708
fed-01,50,35,0.245203326,339,1633
fed-01,51,36,0.234553207,347,1702
fed-01,52,53,0.265888457,349,1661
fed-01,53,31,0.231372057,349,1689
fed-01,54,60,0.343607487,350,1676
fed-01,55,58,0.334850817,360,1685
fed-01,56,26,0.231523379,361,1659
fed-01,57,50,0.336938735,373,1671
fed-01,58,32,0.248886091,390,1011
fed-01,59,15,0.214623229,391,1021
fed-01,60,15,0.207230742,396,1025
fed-01,61,34,0.240381655,406,1022
fed-01,62,46,0.32095694,416,617
fed-01,63,22,0.212409746,417,1016
fed-01,64,40,0.276689555,418,1732
fed-01,65,27,0.230933993,419,994
fed-01,66,61,0.259458405,423,1721
fed-01,67,19,0.223302133,424,1008
fed-01,68,40,0.313389029,427,613
fed-01,69,36,0.285807838,434,1734
fed-01,70,37,0.276867941,442,1063
fed-01,71,50,0.372969558,446,1727
fed-01,72,15,0.215055568,446,1052
fed-01,73,18,0.228569128,450,1059
fed-01,74,31,0.238446828,453,1085
fed-01,75,12,0.213001958,456,602
fed-01,76,57,0.326699407,460,1076
fed-01,77,51,0.300222752,462,980
fed-01,78,30,0.237065181,463,618
fed-01,79,48,0.311313929,465,1061
fed-01,80,45,0.27419479,465,603
fed-01,81,34,0.236404885,464,1102
fed-01,82,59,0.349525483,467,959
fed-01,83,36,0.271387638,466,1090
fed-01,84,18,0.202727974,467,1046
fed-01,85,18,0.210640625,472,1081
fed-01,86,26,0.22069006,473,986
fed-01,87,51,0.383199817,477,623
fed-01,88,57,0.306525641,480,1056
fed-01,89,42,0.319927919,480,664
fed-01,90,45,0.316326984,482,951
fed-01,91,36,0.244341446,481,1085
fed-01,92,12,0.1961738,484,988
fed-01,93,31,0.248135815,487,1076
fed-01,94,15,0.201048803,489,623
fed-01,95,15,0.204720124,489,647
fed-01,96,61,0.250483098,507,625
fed-01,97,19,0.22249742,507,647
fed-01,98,40,0.269308003,539,1068
fed-01,99,61,0.240686806,560,1073
fed-01,100,16,0.208027199,588,1576
fed-01,101,56,0.38303551,598,1584
fed-01,102,38,0.257737328,603,1603
fed-01,103,38,0.264539238,605,1542
fed-01,104,41,0.324035006,608,1577
fed-01,105,26,0.203902201,612,912
fed-01,106,9,0.195796987,612,928
fed-01,107,39,0.268564263,615,1560
fed-01,108,35,0.227563897,623,938
fed-01,109,27,0.221039931,623,1591
fed-01,110,9,0.214180718,623,1585
fed-01,111,48,0.292357773,626,1574
fed-01,112,42,0.296302957,626,1604
fed-01,113,23,0.219691436,630,1634
fed-01,114,45,0.316180158,632,1623
fed-01,115,48,0.326236934,637,1601
fed-01,116,9,0.189481448,666,725
fed-01,117,27,0.241063158,677,732
fed-01,118,41,0.254934712,680,761
fed-01,119,28,0.243026627,682,721
fed-01,120,16,0.204401274,690,726
fed-01,121,49,0.288968506,703,760
fed-01,122,26,0.205717438,702,736
fed-01,123,16,0.196700237,704,792
fed-01,124,42,0.261921111,711,771
fed-01,125,19,0.209681448,711,76
fed-01,126,9,0.186604274,713,1292
fed-01,127,37,0.281797843,718,86
fed-01,128,16,0.212266346,716,736
fed-01,129,31,0.248104313,722,984
fed-01,130,15,0.199107856,721,1303
fed-01,131,47,0.330668199,724,75
fed-01,132,23,0.224833726,723,96
fed-01,133,53,0.256011551,727,995
fed-01,134,19,0.212821594,726,65
fed-01,135,43,0.28155202,728,973
fed-01,136,27,0.226220086,728,746
fed-01,137,26,0.212346896,730,1021
fed-01,138,41,0.306255269,731,1297
fed-01,139,16,0.210486763,732,90
fed-01,140,44,0.31884073,735,1307
fed-01,141,41,0.284469107,739,969
fed-01,142,26,0.211423139,740,759
fed-01,143,31,0.262369037,749,973
fed-01,144,32,0.252228771,751,1289
fed-01,145,36,0.286561888,752,89
fed-01,146,47,0.31152884,756,1302
fed-01,147,12,0.195473157,764,128
fed-01,148,42,0.260195025,801,1327
fed-01,149,42,0.236570789,802,574
fed-01,150,58,0.350828591,805,554
fed-01,151,22,0.222192167,808,1316
fed-01,152,42,0.304536653,810,605
fed-01,153,38,0.286727462,810,1344
fed-01,154,51,0.26591329,813,584
fed-01,155,16,0.24304284,812,1310
fed-01,156,73,0.415312951,816,563
fed-01,157,32,0.254769875,816,596
fed-01,158,46,0.308820046,820,1307
fed-01,159,59,0.33744939,826,1352
fed-01,160,30,0.265197731,830,500
fed-01,161,54,0.322312646,831,570
fed-01,162,35,0.284439503,830,1333
fed-01,163,23,0.207483555,835,516
fed-01,164,67,0.40857557,842,1333
fed-01,165,45,0.31049702,842,504
fed-01,166,36,0.244739452,842,1314
fed-01,167,34,0.233631333,844,1302
fed-01,168,18,0.202049795,845,1346
fed-01,169,29,0.216920677,847,514
fed-01,170,44,0.305705834,855,1333
fed-01,171,9,0.197453439,857,1348
fed-01,172,27,0.232760555,858,1568
fed-01,173,51,0.340660656,868,1574
fed-01,174,40,0.281141756,873,657
fed-01,175,45,0.295562846,876,1561
fed-01,176,15,0.210303909,876,648
fed-01,177,42,0.290110337,886,654
fed-01,178,37,0.327133634,888,1571
fed-01,179,50,0.327401541,902,1623
fed-01,180,33,0.294120421,905,1633
fed-01,181,36,0.237505828,916,1636
fed-01,182,44,0.290664947,919,1624
fed-01,183,26,0.214304159,929,1552
fed-01,184,36,0.227217856,933,1563
fed-01,185,9,0.193130049,957,1594
fed-01,186,27,0.247723439,970,276
fed-01,187,60,0.308621856,975,1587
fed-01,188,21,0.211907123,980,313
fed-01,189,12,0.218566415,980,1578
fed-01,190,55,0.332958794,983,298
fed-01,191,41,0.301571121,987,325
fed-01,192,67,0.265239151,991,264
fed-01,193,115,0.357391238,1001,284
fed-01,194,38,0.328313517,1000,255
fed-01,195,45,0.322596746,1004,890
fed-01,196,52,0.295422,1006,266
fed-01,197,9,0.192585811,1003,1562
fed-01,198,52,0.360234109,1014,341
fed-01,199,39,0.296059064,1014,868
fed-01,200,14,0.218468866,1014,892
fed-01,201,59,0.319513056,1019,217
fed-01,202,9,0.200016954,1017,905
fed-01,203,67,0.382620657,1025,272
fed-01,204,51,0.323780587,1024,878
fed-01,205,9,0.192718056,1025,899
fed-01,206,38,0.311601675,1033,266
fed-01,207,24,0.239929046,1032,864
fed-01,208,34,0.303741153,1033,845
fed-01,209,26,0.216749124,1036,889
fed-01,210,26,0.239791421,1035,899
fed-01,211,33,0.282571191,1036,257
fed-01,212,40,0.260248722,1039,859
fed-01,213,59,0.389510328,1044,302
fed-01,214,33,0.280876515,1045,843
fed-01,215,32,0.257591363,1048,878
fed-01,216,24,0.268361054,1050,834
fed-01,217,50,0.351764706,1054,271
fed-01,218,15,0.192187381,1053,867
fed-01,219,36,0.277131389,1108,831
fed-01,220,14,0.213503144,1114,826
fed-01,221,39,0.286466617,1125,23
fed-01,222,40,0.305793469,1126,820
fed-01,223,24,0.240728873,1129,343
fed-01,224,22,0.241632854,1133,21
fed-01,225,61,0.333490426,1137,333
fed-01,226,46,0.230597656,1138,85
fed-01,227,18,0.219540873,1139,913
fed-01,228,12,0.196402686,1142,929
fed-01,229,30,0.235979248,1145,913
fed-01,230,46,0.29748193,1158,929
fed-01,231,8,0.242710002,1166,0
fed-01,232,47,0.375336226,1169,16
fed-01,233,30,0.254445716,1167,932
fed-01,234,25,0.232498665,1172,647
fed-01,235,18,0.222454498,1174,631
fed-01,236,31,0.256304806,1175,8
fed-01,237,43,0.294335177,1177,22
fed-01,238,53,0.322024671,1180,640
fed-01,239,32,0.247815099,1182,624
fed-01,240,40,0.289375906,1188,629
fed-01,241,31,0.264587502,1188,30
fed-01,242,22,0.221072709,1193,1629
fed-01,243,46,0.351783149,1199,1638
fed-01,244,23,0.24131347,1200,31
fed-01,245,55,0.376443954,1207,1654
fed-01,246,41,0.26190548,1211,107
fed-01,247,35,0.261418435,1218,1657
fed-01,248,19,0.204527914,1221,52
fed-01,249,48,0.36992415,1222,103
fed-01,250,47,0.376959526,1229,1652
fed-01,251,37,0.37712219,1234,1665
fed-01,252,22,0.22629615,1242,1650
fed-01,253,22,0.210706978,1248,1657
fed-01,254,69,0.316668049,1258,1667
fed-01,255,12,0.209428804,1266,678
fed-01,256,42,0.338860732,1276,677
fed-01,257,26,0.220677735,1279,580
fed-01,258,15,0.199397777,1283,697
fed-01,259,30,0.228313115,1287,673
fed-01,260,50,0.24065919,1293,686
fed-01,261,24,0.237636378,1293,1423
fed-01,262,48,0.257422878,1296,932
fed-01,263,37,0.328434362,1297,1414
fed-01,264,34,0.282912588,1299,1434
fed-01,265,61,0.247563122,1302,664
fed-01,266,42,0.311522378,1308,656
fed-01,267,17,0.197124123,1311,943
fed-01,268,34,0.249436089,1347,1382
fed-01,269,28,0.244300755,1363,1070
fed-01,270,19,0.208585208,1367,1377
fed-01,271,41,0.260763286,1372,1095
fed-01,272,30,0.261123064,1372,1406
fed-01,273,30,0.237259988,1376,1432
fed-01,274,46,0.340783717,1378,1397
fed-01,275,27,0.209164456,1378,1071
fed-01,276,33,0.309481633,1379,1423
fed-01,277,36,0.285414918,1380,1411
fed-01,278,29,0.207235933,1385,1441
fed-01,279,37,0.224795086,1386,1083
fed-01,280,18,0.200384019,1388,1386
fed-01,281,41,0.34412295,1394,1424
fed-01,282,27,0.236135624,1398,1410
fed-01,283,9,0.194072718,1404,1403
fed-01,284,27,0.220720621,1405,1422
fed-01,285,51,0.306411332,1417,1013
fed-01,286,39,0.30466124,1423,293
fed-01,287,26,0.237298918,1432,294
fed-01,288,22,0.198112736,1438,1005
fed-01,289,28,0.223411699,1440,1024
fed-01,290,95,0.2934954,1449,996
fed-01,291,44,0.273768007,1449,293
fed-01,292,33,0.25656057,1457,285
fed-01,293,41,0.236326149,1460,358
fed-01,294,101,0.340824002,1486,1602
fed-01,295,23,0.226038526,1484,229
fed-01,296,33,0.307217286,1485,239
fed-01,297,32,0.254349775,1488,387
fed-01,298,42,0.232150396,1490,1620
fed-01,299,35,0.298261997,1491,374
fed-01,300,50,0.262271763,1497,244
fed-01,301,28,0.216008349,1500,230
fed-01,302,68,0.350948977,1501,390
fed-01,303,34,0.320074141,1500,372
fed-01,304,42,0.284278484,1529,252
fed-01,305,38,0.346456494,1530,264
fed-01,306,12,0.196114036,1534,302
fed-01,307,37,0.252793329,1540,310
fed-01,308,15,0.213767707,1546,292
fed-01,309,18,0.207409951,1553,286
fed-01,310,28,0.237923574,1554,300
fed-01,311,34,0.233135864,1599,1163
fed-01,312,26,0.219518637,1611,842
fed-01,313,22,0.229420088,1612,805
fed-01,314,32,0.288642042,1614,816
fed-01,315,71,0.284813727,1621,834
fed-01,316,52,0.355697484,1619,678
fed-01,317,15,0.21399354,1617,826
fed-01,318,34,0.316043066,1620,800
fed-01,319,45,0.384671804,1621,1187
fed-01,320,18,0.209159652,1627,1176
fed-01,321,60,0.307513797,1632,1148
fed-01,322,47,0.280162785,1632,707
fed-01,323,22,0.227786679,1630,802
fed-01,324,57,0.403853305,1634,626
fed-01,325,29,0.250734143,1632,676
fed-01,326,38,0.233938474,1636,1135
fed-01,327,24,0.211280232,1637,610
fed-01,328,19,0.224298788,1639,700
fed-01,329,17,0.210394984,1640,712
fed-01,330,45,0.245159245,1647,676
fed-01,331,71,0.450800293,1653,1159
fed-01,332,39,0.258432272,1653,1175
fed-01,333,47,0.290563269,1659,646
fed-01,334,42,0.385813469,1661,660
fed-01,335,41,0.309613742,1670,654
fed-01,336,47,0.270154814,1672,627
fed-01,337,23,0.211526532,1679,612
fed-01,338,35,0.252723408,1684,629
fed-01,339,37,0.303623605,1685,1160
fed-01,340,41,0.254386876,1692,1245
fed-01,341,38,0.251438966,1702,1270
fed-01,342,47,0.319109003,1704,1250
fed-01,343,30,0.252375067,1710,1266
fed-01,344,48,0.272655197,1713,754
fed-01,345,25,0.213675135,1712,732
fed-01,346,63,0.38917215,1717,1237
fed-01,347,26,0.315144579,1722,751
fed-01,348,33,0.266652332,1723,1224
fed-01,349,36,0.307686308,1730,756
fed-01,350,26,0.246014167,1729,1248
fed-01,351,27,0.235327461,1731,732
fed-01,352,42,0.378654082,1732,1216
fed-01,353,30,0.23591872,1732,1239
fed-01,354,27,0.26089367,1734,1225
fed-01,355,34,0.230111885,1739,727
fed-02,1,32,0.261054208,2,364
fed-02,2,36,0.241507083,9,372
fed-02,3,25,0.219496757,24,377
fed-02,4,31,0.241081717,26,367
fed-02,5,58,0.298001594,33,358
fed-02,6,44,0.273848811,33,377
fed-02,7,28,0.217989842,36,343
fed-02,8,53,0.279519082,37,390
fed-02,9,37,0.244984009,44,348
fed-02,10,73,0.301013889,45,1551
fed-02,11,46,0.26237092,48,1533
fed-02,12,9,0.191131117,48,375
fed-02,13,54,0.289047131,54,365
fed-02,14,28,0.23962114,58,1530
fed-02,15,36,0.235069471,59,1568
fed-02,16,63,0.284786634,64,1546
fed-02,17,12,0.185004196,64,843
fed-02,18,98,0.258879116,74,1570
fed-02,19,48,0.224535554,75,839
fed-02,20,47,0.212846148,79,1141
fed-02,21,27,0.208766591,80,1540
fed-02,22,28,0.207637685,83,20
fed-02,23,28,0.211957624,86,278
fed-02,24,52,0.289196319,91,1548
fed-02,25,38,0.231466111,98,1526
fed-02,26,62,0.301384141,102,1557
fed-02,27,67,0.303166019,104,1147
fed-02,28,30,0.202715597,104,250
fed-02,29,66,0.234492788,108,270
fed-02,30,79,0.262331559,110,1536
fed-02,31,40,0.230864805,118,1142
fed-02,32,31,0.212436103,128,1149
fed-02,33,104,0.382203432,131,1400
fed-02,34,41,0.208193723,138,1143
fed-02,35,36,0.219167027,139,1334
fed-02,36,51,0.270904785,149,1338
fed-02,37,60,0.346382849,190,1290
fed-02,38,40,0.264838254,198,1299
fed-02,39,20,0.193912413,228,16
fed-02,40,125,0.297059098,235,31
fed-02,41,12,0.185669235,240,16
fed-02,42,20,0.18982681,243,755
fed-02,43,26,0.203806539,251,36
fed-02,44,25,0.199124743,275,400
fed-02,45,27,0.197242073,285,404
fed-02,46,27,0.202500219,286,424
fed-02,47,68,0.266394921,300,736
fed-02,48,51,0.247880118,308,394
fed-02,49,19,0.189726663,323,318
fed-02,50,43,0.259940632,330,1655
fed-02,51,40,0.231235599,334,333
fed-02,52,35,0.210764586,337,311
fed-02,53,33,0.236670666,344,1708
fed-02,54,38,0.270586629,344,1657
fed-02,55,25,0.20333257,346,311
fed-02,56,26,0.196177028,346,322
fed-02,57,42,0.221455638,347,1697
fed-02,58,36,0.245156108,350,1685
fed-02,59,52,0.276996731,353,1645
fed-02,60,45,0.234487424,356,1662
fed-02,61,50,0.239778439,361,1678
fed-02,62,37,0.210534086,368,1661
fed-02,63,22,0.210453124,385,1648
fed-02,64,36,0.235180523,387,1672
fed-02,65,32,0.225831617,387,1656
fed-02,66,24,0.213103049,393,1681
fed-02,67,30,0.207196663,408,1018
fed-02,68,12,0.18660385,413,604
fed-02,69,18,0.198777583,422,1025
fed-02,70,70,0.277935672,428,1014
fed-02,71,36,0.223556115,427,610
fed-02,72,23,0.211401807,430,620
fed-02,73,32,0.210752365,452,1733
fed-02,74,36,0.214641879,454,1716
fed-02,75,26,0.194718031,454,544
fed-02,76,28,0.212445912,457,1065
fed-02,77,40,0.223349355,461,1093
fed-02,78,51,0.251467484,464,1074
fed-02,79,31,0.236136317,464,613
fed-02,80,27,0.229323319,467,622
fed-02,81,18,0.207841442,466,1718
fed-02,82,29,0.205057576,469,993
fed-02,83,36,0.205409747,470,1725
fed-02,84,21,0.196983073,471,605
fed-02,85,12,0.188100506,470,1058
fed-02,86,16,0.200629435,476,1080
fed-02,87,35,0.218514425,479,993
fed-02,88,23,0.205769901,481,967
fed-02,89,36,0.233340539,483,1057
fed-02,90,67,0.307407344,485,614
fed-02,91,64,0.227223287,487,957
fed-02,92,9,0.186714478,485,1080
fed-02,93,41,0.255349311,488,641
fed-02,94,26,0.213052333,488,998
fed-02,95,28,0.220192591,488,1094
fed-02,96,9,0.197489043,488,1064
fed-02,97,15,0.20959589,492,607
fed-02,98,32,0.226495861,493,662
fed-02,99,56,0.254413945,495,988
fed-02,100,36,0.232799268,497,1084
fed-02,101,14,0.190444583,498,622
fed-02,102,67,0.286761888,501,646
fed-02,103,14,0.18159544,498,950
fed-02,104,23,0.203288651,501,667
fed-02,105,52,0.293748203,508,616
fed-02,106,55,0.315503028,516,651
fed-02,107,25,0.19869749,515,664
fed-02,108,67,0.247235327,519,632
fed-02,109,37,0.209515031,549,1074
fed-02,110,9,0.187494384,559,1076
fed-02,111,34,0.224278001,577,1554
fed-02,112,9,0.189194917,577,1564
fed-02,113,9,0.181814637,577,1580
fed-02,114,33,0.247096277,586,1592
fed-02,115,9,0.195956359,585,1567
fed-02,116,24,0.191223519,590,376
fed-02,117,34,0.238919482,591,1601
fed-02,118,29,0.216936988,593,1555
fed-02,119,40,0.250854505,594,1568
fed-02,120,64,0.286541781,601,1544
fed-02,121,36,0.228066851,601,931
fed-02,122,30,0.209489077,611,1555
fed-02,123,56,0.288135293,612,1572
fed-02,124,12,0.202184583,611,920
fed-02,125,23,0.214493417,613,1545
fed-02,126,35,0.210363928,617,912
fed-02,127,50,0.271011826,617,927
fed-02,128,57,0.221002571,620,947
fed-02,129,9,0.19146512,626,934
fed-02,130,32,0.215622377,629,1593
fed-02,131,43,0.25986895,630,1633
fed-02,132,36,0.212944313,632,1607
fed-02,133,26,0.227414007,634,1586
fed-02,134,35,0.23297213,635,1619
fed-02,135,18,0.198429168,642,1591
fed-02,136,27,0.221211171,644,1605
fed-02,137,56,0.275871944,647,1624
fed-02,138,28,0.21107914,680,730
fed-02,139,35,0.232666514,685,740
fed-02,140,18,0.188476048,685,753
fed-02,141,9,0.183289676,689,779
fed-02,142,42,0.254744648,698,722
fed-02,143,26,0.193305398,701,788
fed-02,144,40,0.23543679,706,94
fed-02,145,38,0.213307473,709,738
fed-02,146,9,0.18941363,712,750
fed-02,147,9,0.186317744,713,1017
fed-02,148,36,0.231725202,715,76
fed-02,149,39,0.252302449,718,91
fed-02,150,35,0.231607102,720,1298
fed-02,151,27,0.207624425,721,798
fed-02,152,27,0.208699903,725,747
fed-02,153,34,0.224801296,726,78
fed-02,154,43,0.221778528,728,101
fed-02,155,27,0.203804018,728,734
fed-02,156,18,0.201792935,728,772
fed-02,157,56,0.297161004,730,1315
fed-02,158,27,0.204641003,729,791
fed-02,159,23,0.195121757,729,981
fed-02,160,20,0.209279774,728,1003
fed-02,161,28,0.217362042,732,1304
fed-02,162,38,0.233598358,736,773
fed-02,163,53,0.238159647,736,994
fed-02,164,19,0.193683568,736,746
fed-02,165,45,0.231799123,740,83
fed-02,166,12,0.184735892,738,734
fed-02,167,45,0.25921043,740,1028
fed-02,168,32,0.211011769,741,1016
fed-02,169,53,0.270863186,748,99
fed-02,170,24,0.198097073,749,758
fed-02,171,46,0.225950952,750,770
fed-02,172,26,0.207365412,749,1308
fed-02,173,31,0.225105521,751,1297
fed-02,174,27,0.204804896,750,1326
fed-02,175,16,0.190944724,752,1286
fed-02,176,23,0.196846027,754,142
fed-02,177,48,0.230812416,756,960
fed-02,178,12,0.190831871,758,748
fed-02,179,55,0.309188567,761,1300
fed-02,180,61,0.307789481,764,1282
fed-02,181,23,0.196771722,763,756
fed-02,182,27,0.21720483,764,1312
fed-02,183,21,0.199720251,766,131
fed-02,184,22,0.199558876,766,152
fed-02,185,40,0.210981155,775,135
fed-02,186,12,0.188385341,779,150
fed-02,187,18,0.212911676,779,164
fed-02,188,57,0.320019167,788,171
fed-02,189,75,0.347832456,795,159
fed-02,190,52,0.273271769,794,563
fed-02,191,22,0.195103241,806,550
fed-02,192,47,0.285161575,807,568
fed-02,193,27,0.196893376,807,79
fed-02,194,47,0.233335768,809,1331
fed-02,195,43,0.276573675,811,581
fed-02,196,81,0.289704399,818,171
fed-02,197,40,0.21535172,816,594
fed-02,198,29,0.232671144,818,572
fed-02,199,62,0.308570648,820,1334
fed-02,200,26,0.194318362,827,60
fed-02,201,27,0.199059027,830,568
fed-02,202,44,0.250934962,833,1361
fed-02,203,52,0.289755914,834,1348
fed-02,204,64,0.297545205,841,507
fed-02,205,61,0.272387049,841,1314
fed-02,206,37,0.232027037,852,1309
fed-02,207,24,0.206857659,852,513
fed-02,208,42,0.238602419,853,1348
fed-02,209,40,0.221150912,863,1331
fed-02,210,62,0.251881167,864,1318
fed-02,211,31,0.202058984,865,1350
fed-02,212,15,0.188673737,874,646
fed-02,213,42,0.232210705,916,1616
fed-02,214,22,0.194705119,927,589
fed-02,215,9,0.185759942,939,602
fed-02,216,60,0.226921492,990,1570
fed-02,217,35,0.202887879,992,305
fed-02,218,57,0.306370909,997,328
fed-02,219,55,0.325919391,997,1557
fed-02,220,19,0.253454763,997,319
fed-02,221,85,0.280350778,1001,275
fed-02,222,31,0.237902918,1001,1547
fed-02,223,104,0.31193681,1008,298
fed-02,224,27,0.215339838,1006,320
fed-02,225,37,0.24064756,1008,354
fed-02,226,57,0.283168362,1014,275
fed-02,227,41,0.254940294,1013,882
fed-02,228,31,0.212383435,1015,901
fed-02,229,44,0.222843103,1017,348
fed-02,230,55,0.242270542,1024,226
fed-02,231,20,0.217397574,1024,338
fed-02,232,9,0.18949162,1023,880
fed-02,233,61,0.29331042,1027,892
fed-02,234,24,0.21447509,1027,861
fed-02,235,23,0.213544041,1029,868
fed-02,236,42,0.248701712,1032,305
fed-02,237,40,0.260423056,1035,219
fed-02,238,55,0.285716862,1036,252
fed-02,239,25,0.203096361,1036,315
fed-02,240,55,0.241299236,1040,273
fed-02,241,46,0.278400191,1040,229
fed-02,242,25,0.201338521,1039,890
fed-02,243,43,0.246865779,1042,242
fed-02,244,15,0.209587752,1041,851
fed-02,245,43,0.288435613,1044,308
fed-02,246,35,0.253014202,1045,869
fed-02,247,52,0.271335047,1048,857
fed-02,248,53,0.265972237,1052,301
fed-02,249,53,0.253346404,1052,843
fed-02,250,47,0.262946387,1052,234
fed-02,251,22,0.196052075,1052,880
fed-02,252,46,0.239978306,1054,1257
fed-02,253,43,0.228843455,1057,868
fed-02,254,43,0.249426456,1059,268
fed-02,255,22,0.189569071,1066,1246
fed-02,256,20,0.191953918,1098,951
fed-02,257,9,0.188684588,1104,830
fed-02,258,15,0.19891254,1110,825
fed-02,259,31,0.212195896,1112,836
fed-02,260,30,0.199506625,1118,1644
fed-02,261,23,0.211395836,1123,826
fed-02,262,36,0.223066131,1124,838
fed-02,263,31,0.234460286,1130,829
fed-02,264,24,0.212944101,1131,817
fed-02,265,62,0.247341115,1133,327
fed-02,266,12,0.196538745,1144,332
fed-02,267,37,0.249002905,1147,926
fed-02,268,20,0.195596246,1148,914
fed-02,269,18,0.196980409,1151,49
fed-02,270,78,0.323538998,1156,90
fed-02,271,34,0.246023005,1158,40
fed-02,272,47,0.223054434,1159,931
fed-02,273,36,0.272873274,1169,3
fed-02,274,9,0.187882641,1175,17
fed-02,275,22,0.218748483,1178,5
fed-02,276,31,0.218378754,1185,644
fed-02,277,45,0.256684215,1188,654
fed-02,278,37,0.256680668,1206,1644
fed-02,279,36,0.241769029,1213,1635
fed-02,280,40,0.250018692,1220,107
fed-02,281,37,0.250288787,1219,1654
fed-02,282,36,0.252728398,1222,1665
fed-02,283,24,0.211294855,1227,116
fed-02,284,47,0.294217318,1231,49
fed-02,285,15,0.221890593,1229,1668
fed-02,286,40,0.226963455,1234,98
fed-02,287,28,0.222244929,1237,1674
fed-02,288,12,0.19735256,1237,56
fed-02,289,47,0.267122814,1239,1653
fed-02,290,22,0.195078965,1239,30
fed-02,291,14,0.208038235,1240,1642
fed-02,292,29,0.234539585,1247,1645
fed-02,293,30,0.209467206,1248,34
fed-02,294,43,0.290580393,1249,1634
fed-02,295,42,0.275824623,1251,1674
fed-02,296,47,0.272282311,1256,1658
fed-02,297,31,0.222742342,1257,1642
fed-02,298,36,0.227913414,1261,1682
fed-02,299,9,0.184754542,1268,607
fed-02,300,37,0.234709326,1272,597
fed-02,301,70,0.293811377,1280,681
fed-02,302,65,0.294894449,1284,593
fed-02,303,74,0.242807743,1294,682
fed-02,304,22,0.204291947,1292,582
fed-02,305,50,0.225807584,1293,956
fed-02,306,48,0.265833778,1297,600
fed-02,307,72,0.298193713,1303,587
fed-02,308,27,0.208616261,1301,922
fed-02,309,20,0.207384604,1306,1408
fed-02,310,42,0.290331593,1310,1422
fed-02,311,31,0.230946281,1310,1433
fed-02,312,45,0.250593491,1312,670
fed-02,313,41,0.260561941,1317,1405
fed-02,314,16,0.200936522,1318,1416
fed-02,315,9,0.189133881,1320,662
fed-02,316,32,0.209286545,1328,668
fed-02,317,51,0.260297072,1328,682
fed-02,318,15,0.183161161,1369,1082
fed-02,319,31,0.219036368,1386,1079
fed-02,320,19,0.198273321,1394,1086
fed-02,321,60,0.230843824,1401,1062
fed-02,322,51,0.217384215,1432,1012
fed-02,323,36,0.239011385,1435,298
fed-02,324,32,0.244306954,1436,308
fed-02,325,27,0.230981466,1444,303
fed-02,326,18,0.210755067,1452,303
fed-02,327,20,0.193310445,1454,1015
fed-02,328,45,0.246740758,1474,315
fed-02,329,56,0.27413514,1477,328
fed-02,330,19,0.193326989,1482,344
fed-02,331,22,0.226925931,1486,332
fed-02,332,32,0.246035039,1488,322
fed-02,333,33,0.205436836,1489,233
fed-02,334,158,0.407752549,1494,1602
fed-02,335,23,0.220285211,1490,1587
fed-02,336,89,0.36922221,1498,1620
fed-02,337,23,0.221832343,1496,320
fed-02,338,39,0.243580549,1504,382
fed-02,339,66,0.334802361,1505,1590
fed-02,340,48,0.306669782,1523,1633
fed-02,341,75,0.346527097,1525,1645
fed-02,342,32,0.209352827,1525,1660
fed-02,343,15,0.187550673,1540,308
fed-02,344,22,0.197335913,1543,318
fed-02,345,53,0.230758157,1553,301
fed-02,346,22,0.21794461,1552,323
fed-02,347,42,0.294578688,1557,315
fed-02,348,46,0.247602509,1569,310
fed-02,349,39,0.272322286,1604,1165
fed-02,350,35,0.21231839,1609,1176
fed-02,351,70,0.313666198,1611,1157
fed-02,352,45,0.269025711,1618,1191
fed-02,353,43,0.276155294,1621,647
fed-02,354,43,0.241128387,1622,634
fed-02,355,37,0.240578688,1623,824
fed-02,356,37,0.271113641,1624,657
fed-02,357,43,0.239115261,1627,810
fed-02,358,62,0.374006502,1630,1181
fed-02,359,52,0.279316396,1632,672
fed-02,360,38,0.265041179,1631,1192
fed-02,361,12,0.20852725,1632,682
fed-02,362,37,0.264450397,1633,658
fed-02,363,84,0.259432255,1638,1148
fed-02,364,44,0.28424402,1636,636
fed-02,365,45,0.254836517,1639,1137
fed-02,366,45,0.292806049,1644,674
fed-02,367,33,0.216114452,1645,716
fed-02,368,39,0.287352032,1647,620
fed-02,369,15,0.216677094,1646,638
fed-02,370,52,0.281316208,1649,1173
fed-02,371,53,0.280201707,1651,684
fed-02,372,49,0.30857666,1652,631
fed-02,373,41,0.300278942,1652,1143
fed-02,374,33,0.232015278,1653,695
fed-02,375,55,0.32085395,1657,1155
fed-02,376,41,0.247763716,1658,665
fed-02,377,40,0.264808118,1659,703
fed-02,378,27,0.21847811,1659,713
fed-02,379,62,0.314835215,1660,1179
fed-02,380,30,0.233661911,1661,684
fed-02,381,56,0.279377159,1666,1167
fed-02,382,52,0.309240218,1668,627
fed-02,383,41,0.250528948,1670,661
fed-02,384,50,0.295359426,1675,1156
fed-02,385,34,0.227725194,1677,631
fed-02,386,70,0.276546011,1683,654
fed-02,387,49,0.28229969,1682,668
fed-02,388,84,0.261605576,1687,1168
fed-02,389,42,0.279072251,1690,627
fed-02,390,46,0.225833192,1690,638
fed-02,391,48,0.286032909,1692,1258
fed-02,392,55,0.284126872,1700,1272
fed-02,393,69,0.354555094,1703,1245
fed-02,394,28,0.239761196,1713,1261
fed-02,395,56,0.306140394,1716,1234
fed-02,396,71,0.276945015,1717,743
fed-02,397,53,0.252797655,1722,729
fed-02,398,36,0.231904919,1721,1271
fed-02,399,31,0.215429332,1722,759
fed-02,400,55,0.309445473,1722,1258
fed-02,401,22,0.22557204,1722,1224
fed-02,402,31,0.207663967,1731,1239
fed-02,403,38,0.245960977,1732,742
fed-02,404,27,0.208075979,1733,725
fed-02,405,33,0.250849997,1737,750
fed-02,406,27,0.20130719,1744,734
fed-02,407,31,0.22792844,1748,109
fed-03,1,24,0.268938989,1,1761
fed-03,2,32,0.252095254,14,1776
fed-03,3,19,0.197623608,30,1477
fed-03,4,33,0.239650337,38,1465
fed-03,5,75,0.317233845,43,1455
fed-03,6,109,0.293201686,53,1488
fed-03,7,110,0.327000562,65,1470
fed-03,8,9,0.187730051,64,1438
fed-03,9,59,0.278858108,67,1506
fed-03,10,9,0.188018277,70,1518
fed-03,11,23,0.212934343,73,923
fed-03,12,68,0.264543867,79,946
fed-03,13,14,0.199244678,78,1478
fed-03,14,39,0.286968991,83,929
fed-03,15,28,0.236279414,92,926
fed-03,16,12,0.20340149,92,952
fed-03,17,29,0.216702841,95,962
fed-03,18,26,0.205331267,96,974
fed-03,19,61,0.297618467,99,943
fed-03,20,27,0.20411824,102,234
fed-03,21,50,0.276461433,107,534
fed-03,22,15,0.198632792,108,926
fed-03,23,61,0.24877809,111,964
fed-03,24,9,0.207810924,109,1259
fed-03,25,51,0.261777796,114,1275
fed-03,26,36,0.242874037,115,1262
fed-03,27,33,0.23928597,116,937
fed-03,28,30,0.258851504,124,1282
fed-03,29,67,0.322098138,124,1302
fed-03,30,54,0.315204202,126,944
fed-03,31,42,0.326131075,131,1272
fed-03,32,67,0.324275168,133,541
fed-03,33,51,0.321939332,133,1294
fed-03,34,36,0.238436628,135,924
fed-03,35,18,0.204704017,135,953
fed-03,36,30,0.230314082,138,933
fed-03,37,33,0.217061898,146,1315
fed-03,38,9,0.200369607,146,538
fed-03,39,22,0.214883095,148,1282
fed-03,40,9,0.214216322,150,1290
fed-03,41,19,0.213470504,152,1338
fed-03,42,9,0.189739155,157,540
fed-03,43,28,0.25795867,159,1290
fed-03,44,68,0.259144866,162,1330
fed-03,45,55,0.253745604,165,749
fed-03,46,26,0.200112682,164,1275
fed-03,47,43,0.312661972,173,1294
fed-03,48,31,0.260111686,175,765
fed-03,49,66,0.326762475,178,755
fed-03,50,36,0.238448073,178,1280
fed-03,51,14,0.200216896,184,1298
fed-03,52,9,0.190371557,193,1289
fed-03,53,77,0.348183731,198,683
fed-03,54,56,0.350145233,204,697
fed-03,55,9,0.302118461,204,689
fed-03,56,9,0.213226181,206,723
fed-03,57,71,0.277755247,217,717
fed-03,58,25,0.214113985,266,1355
fed-03,59,9,0.20331799,273,1365
fed-03,60,35,0.232005144,279,1359
fed-03,61,30,0.213752956,350,1071
fed-03,62,19,0.216267724,354,1047
fed-03,63,23,0.226906963,355,1055
fed-03,64,69,0.241422937,367,1049
fed-03,65,34,0.256304893,368,1104
fed-03,66,30,0.23812314,376,1095
fed-03,67,22,0.20558064,377,1054
fed-03,68,38,0.253504556,380,1033
fed-03,69,43,0.262865396,379,1103
fed-03,70,23,0.233650787,383,1090
fed-03,71,22,0.229227269,385,1081
fed-03,72,24,0.21277498,387,1041
fed-03,73,59,0.29590528,391,1059
fed-03,74,79,0.333429137,395,1074
fed-03,75,17,0.217561339,399,1086
fed-03,76,46,0.262525501,403,1056
fed-03,77,35,0.223245158,406,1082
fed-03,78,53,0.26183186,414,1067
fed-03,79,14,0.19032578,418,1570
fed-03,80,37,0.229297734,429,1563
fed-03,81,15,0.200252282,434,425
fed-03,82,31,0.227764036,440,1562
fed-03,83,27,0.211732492,443,416
fed-03,84,12,0.190956486,447,1576
fed-03,85,9,0.191970364,448,1555
fed-03,86,34,0.234397426,451,426
fed-03,87,50,0.262480507,454,13
fed-03,88,50,0.27927245,453,1566
fed-03,89,30,0.220738537,459,412
fed-03,90,23,0.207752247,463,8
fed-03,91,31,0.219509398,465,399
fed-03,92,18,0.207537109,468,414
fed-03,93,22,0.215360286,473,1122
fed-03,94,23,0.206743824,475,1412
fed-03,95,36,0.259291473,485,1132
fed-03,96,35,0.21807235,487,466
fed-03,97,46,0.274268645,490,495
fed-03,98,9,0.18905589,491,1410
fed-03,99,41,0.245931145,495,1125
fed-03,100,30,0.208185957,495,1351
fed-03,101,56,0.261729011,500,485
fed-03,102,30,0.225717556,499,15
fed-03,103,35,0.233057581,500,392
fed-03,104,34,0.288645044,502,2
fed-03,105,23,0.202688905,501,1297
fed-03,106,44,0.253690949,505,471
fed-03,107,26,0.230317329,504,1124
fed-03,108,65,0.235488494,508,1321
fed-03,109,39,0.230866262,508,386
fed-03,110,27,0.223908062,508,456
fed-03,111,42,0.241069657,515,10
fed-03,112,41,0.248095693,515,21
fed-03,113,63,0.273792145,516,367
fed-03,114,23,0.197678638,517,38
fed-03,115,55,0.280169514,519,469
fed-03,116,26,0.209698869,517,498
fed-03,117,44,0.26012228,520,61
fed-03,118,30,0.215786984,526,488
fed-03,119,12,0.195960174,526,1337
fed-03,120,27,0.217369288,527,21
fed-03,121,61,0.266831264,529,45
fed-03,122,37,0.218481562,529,360
fed-03,123,16,0.201563096,528,386
fed-03,124,28,0.234524627,528,395
fed-03,125,18,0.194702576,534,1357
fed-03,126,37,0.241938803,542,22
fed-03,127,37,0.235470215,543,51
fed-03,128,9,0.193960818,543,61
fed-03,129,22,0.204474361,545,35
fed-03,130,48,0.230306961,576,480
fed-03,131,19,0.19923223,587,481
fed-03,132,26,0.199933095,599,483
fed-03,133,31,0.212135845,630,980
fed-03,134,53,0.286075855,639,998
fed-03,135,23,0.202301459,643,340
fed-03,136,37,0.244320448,646,956
fed-03,137,18,0.216922255,648,983
fed-03,138,36,0.286887414,650,992
fed-03,139,41,0.239860287,656,974
fed-03,140,39,0.236459281,658,320
fed-03,141,54,0.246074899,659,336
fed-03,142,42,0.218669413,662,357
fed-03,143,28,0.230283709,665,1004
fed-03,144,44,0.247280773,667,988
fed-03,145,41,0.287941465,669,1018
fed-03,146,27,0.208544487,669,347
fed-03,147,27,0.24298636,673,1045
fed-03,148,44,0.250873926,674,1033
fed-03,149,45,0.246844858,679,1014
fed-03,150,47,0.211208239,715,133
fed-03,151,26,0.210629669,722,122
fed-03,152,32,0.205578603,724,162
fed-03,153,19,0.19944666,732,126
fed-03,154,41,0.233557939,743,136
fed-03,155,14,0.191957406,744,1326
fed-03,156,47,0.239261463,747,159
fed-03,157,21,0.19527261,748,192
fed-03,158,49,0.334147667,751,1315
fed-03,159,23,0.20040934,753,170
fed-03,160,31,0.241037417,755,1632
fed-03,161,26,0.211053401,757,138
fed-03,162,19,0.203876595,757,147
fed-03,163,38,0.307465677,758,1306
fed-03,164,20,0.212389563,758,197
fed-03,165,16,0.190260929,758,708
fed-03,166,19,0.202563516,758,1295
fed-03,167,61,0.293216614,759,1670
fed-03,168,44,0.282675461,761,1642
fed-03,169,23,0.219691436,760,1658
fed-03,170,9,0.200067818,763,716
fed-03,171,18,0.196914287,764,1348
fed-03,172,38,0.243223589,768,145
fed-03,173,31,0.228456599,768,393
fed-03,174,52,0.265891391,770,1299
fed-03,175,42,0.240957758,770,173
fed-03,176,61,0.327982169,771,1336
fed-03,177,44,0.269320002,770,1621
fed-03,178,43,0.278726972,772,712
fed-03,179,79,0.292652588,776,406
fed-03,180,41,0.262304447,774,1647
fed-03,181,36,0.254977408,775,1323
fed-03,182,33,0.247118935,774,1349
fed-03,183,37,0.284907796,776,1612
fed-03,184,41,0.250616781,777,722
fed-03,185,34,0.206201446,776,1286
fed-03,186,32,0.249929427,778,1368
fed-03,187,39,0.253372146,780,434
fed-03,188,41,0.233426934,781,155
fed-03,189,12,0.199652857,781,1298
fed-03,190,23,0.257384537,784,1363
fed-03,191,18,0.203092495,786,378
fed-03,192,49,0.235712028,788,1377
fed-03,193,46,0.288817791,791,1361
fed-03,194,70,0.342552834,793,1337
fed-03,195,32,0.229859045,793,703
fed-03,196,15,0.198956283,795,382
fed-03,197,38,0.257389583,797,1286
fed-03,198,20,0.192512398,796,156
fed-03,199,44,0.266774867,798,715
fed-03,200,64,0.323270962,799,1350
fed-03,201,64,0.23769646,811,1670
fed-03,202,19,0.208142696,837,1
fed-03,203,57,0.313926535,846,740
fed-03,204,40,0.254164569,855,756
fed-03,205,30,0.217906971,857,743
fed-03,206,54,0.289847382,863,720
fed-03,207,53,0.252699191,871,762
fed-03,208,38,0.240085049,878,724
fed-03,209,46,0.241415307,886,745
fed-03,210,9,0.199538838,888,720
fed-03,211,42,0.263263178,891,758
fed-03,212,56,0.259263044,900,728
fed-03,213,28,0.224926702,901,50
fed-03,214,37,0.242359045,903,760
fed-03,215,43,0.231176666,912,55
fed-03,216,53,0.294099509,936,962
fed-03,217,39,0.253048577,944,970
fed-03,218,41,0.27586488,962,1015
fed-03,219,20,0.223124285,1013,1514
fed-03,220,56,0.294272417,1018,1505
fed-03,221,72,0.360519612,1025,1489
fed-03,222,72,0.366638904,1028,1474
fed-03,223,43,0.228627345,1028,984
fed-03,224,22,0.224635691,1027,1461
fed-03,225,31,0.221354263,1031,973
fed-03,226,46,0.281779733,1036,1454
fed-03,227,26,0.211889126,1038,284
fed-03,228,50,0.291169604,1042,1465
fed-03,229,27,0.219111642,1045,278
fed-03,230,25,0.198825055,1046,297
fed-03,231,33,0.23150988,1050,262
fed-03,232,37,0.271186636,1054,1456
fed-03,233,55,0.234033168,1058,289
fed-03,234,41,0.267572532,1070,287
fed-03,235,36,0.240254147,1070,243
fed-03,236,43,0.291584295,1076,256
fed-03,237,36,0.238434933,1083,241
fed-03,238,31,0.225333422,1084,275
fed-03,239,36,0.233482533,1089,264
fed-03,240,34,0.246447116,1153,229
fed-03,241,41,0.234342476,1164,223
fed-03,242,46,0.258499441,1178,314
fed-03,243,31,0.246037946,1179,326
fed-03,244,56,0.314735038,1190,330
fed-03,245,29,0.213836776,1190,1313
fed-03,246,52,0.288688076,1215,45
fed-03,247,19,0.19627198,1224,1292
fed-03,248,43,0.23218731,1227,37
fed-03,249,35,0.209583538,1229,1389
fed-03,250,33,0.245268894,1234,1304
fed-03,251,41,0.260243735,1239,1048
fed-03,252,29,0.227472553,1244,1292
fed-03,253,33,0.292543193,1244,1324
fed-03,254,43,0.283114828,1244,1345
fed-03,255,73,0.345000005,1248,1302
fed-03,256,37,0.248393782,1247,1039
fed-03,257,72,0.259797352,1249,1061
fed-03,258,68,0.307567128,1252,1317
fed-03,259,84,0.348410882,1255,1774
fed-03,260,26,0.206700471,1256,1794
fed-03,261,39,0.278528796,1259,1067
fed-03,262,43,0.291767048,1267,1786
fed-03,263,36,0.271220213,1271,1065
fed-03,264,35,0.285352865,1271,1057
fed-03,265,59,0.325454247,1272,1776
fed-03,266,21,0.21206916,1273,1047
fed-03,267,43,0.289839798,1274,1077
fed-03,268,41,0.243615867,1281,1791
fed-03,269,18,0.204070768,1282,1040
fed-03,270,15,0.200509651,1287,1062
fed-03,271,19,0.208541037,1299,1087
fed-03,272,23,0.199953559,1304,16
fed-03,273,68,0.270440582,1310,86
fed-03,274,32,0.23300145,1318,2
fed-03,275,31,0.209560023,1323,357
fed-03,276,37,0.244416126,1325,83
fed-03,277,23,0.208466103,1328,825
fed-03,278,43,0.266037143,1332,6
fed-03,279,33,0.238683932,1333,815
fed-03,280,23,0.210677998,1333,94
fed-03,281,15,0.207089342,1334,835
fed-03,282,18,0.19424311,1338,332
fed-03,283,33,0.226904892,1339,822
fed-03,284,42,0.266983473,1342,74
fed-03,285,22,0.217137269,1342,837
fed-03,286,31,0.220864005,1344,805
fed-03,287,35,0.247157789,1350,67
fed-03,288,19,0.194532452,1350,345
fed-03,289,31,0.207160911,1359,86
fed-03,290,47,0.302138698,1406,1348
fed-03,291,36,0.215074642,1412,500
fed-03,292,70,0.3035523,1413,1361
fed-03,293,21,0.20983553,1414,483
fed-03,294,32,0.213806077,1416,798
fed-03,295,38,0.266771071,1418,813
fed-03,296,34,0.251905807,1418,1426
fed-03,297,19,0.206822389,1418,477
fed-03,298,33,0.214746689,1419,1373
fed-03,299,32,0.259384775,1419,1410
fed-03,300,21,0.216577111,1421,1400
fed-03,301,58,0.24873679,1425,489
fed-03,302,50,0.27660914,1426,1388
fed-03,303,38,0.277512619,1428,1413
fed-03,304,40,0.295222019,1430,1424
fed-03,305,22,0.206497569,1434,825
fed-03,306,48,0.318608695,1437,1390
fed-03,307,12,0.195642278,1437,812
fed-03,308,49,0.333261709,1448,1428
fed-03,309,44,0.265506981,1453,1454
fed-03,310,49,0.24218777,1462,414
fed-03,311,34,0.226094274,1463,1450
fed-03,312,48,0.245201673,1466,1437
fed-03,313,34,0.238973786,1468,1427
fed-03,314,56,0.294274325,1476,1458
fed-03,315,16,0.202428092,1488,1468
fed-03,316,32,0.215969043,1498,1442
fed-03,317,19,0.192160878,1499,432
fed-03,318,182,0.422251091,1524,1007
fed-03,319,90,0.349963633,1529,1025
fed-03,320,9,0.208144927,1534,995
fed-03,321,48,0.279351364,1555,1038
fed-03,322,26,0.210246433,1556,1050
fed-03,323,16,0.191150721,1616,1698
fed-03,324,52,0.323233915,1632,566
fed-03,325,22,0.211152264,1640,558
fed-03,326,30,0.223317311,1648,226
fed-03,327,28,0.243992305,1648,215
fed-03,328,33,0.267470308,1650,246
fed-03,329,22,0.234796812,1650,237
fed-03,330,94,0.296317381,1656,585
fed-03,331,16,0.226852064,1656,210
fed-03,332,27,0.226859269,1656,230
fed-03,333,32,0.227993153,1657,38
fed-03,334,18,0.198530895,1656,51
fed-03,335,35,0.232594143,1660,84
fed-03,336,42,0.269403118,1661,216
fed-03,337,65,0.347313649,1668,552
fed-03,338,49,0.294611853,1667,75
fed-03,339,36,0.251768775,1667,61
fed-03,340,50,0.316977493,1670,539
fed-03,341,37,0.260005897,1670,116
fed-03,342,9,0.212625993,1671,40
fed-03,343,21,0.239472183,1673,84
fed-03,344,41,0.283284114,1675,34
fed-03,345,23,0.22716703,1678,18
fed-03,346,34,0.259106719,1678,77
fed-03,347,32,0.244130045,1678,108
fed-03,348,37,0.274059457,1680,119
fed-03,349,15,0.199590041,1681,545
fed-03,350,33,0.252019855,1684,25
fed-03,351,55,0.348686406,1686,86
fed-03,352,75,0.318769106,1687,560
fed-03,353,48,0.293425905,1686,580
fed-03,354,46,0.254754015,1689,35
fed-03,355,15,0.187486585,1694,105
fed-03,356,9,0.207027627,1696,87
fed-03,357,159,0.3391118,1703,1660
fed-03,358,31,0.233604796,1701,66
fed-03,359,104,0.362381082,1706,1706
fed-03,360,53,0.316378833,1710,62
fed-03,361,28,0.239471275,1708,1691
fed-03,362,51,0.320065165,1712,37
fed-03,363,44,0.282552002,1718,576
fed-03,364,30,0.20783856,1718,72
fed-03,365,19,0.208589223,1718,566
fed-03,366,38,0.231728727,1720,664
fed-03,367,42,0.263196329,1721,58
fed-03,368,16,0.195581559,1720,22
fed-03,369,38,0.2978284,1722,653
fed-03,370,46,0.23475574,1726,1650
fed-03,371,35,0.21637947,1726,31
fed-03,372,27,0.218790073,1728,41
fed-03,373,70,0.282162203,1734,653
fed-03,374,64,0.3109133,1733,677
fed-03,375,47,0.30491584,1743,665
fed-03,376,81,0.278825658,1748,641
fed-03,377,36,0.24705628,1750,165
fed-03,378,53,0.248645186,1753,1395
fed-03,379,37,0.285158127,1756,632
fed-03,380,32,0.261621653,1759,163
fed-03,381,40,0.275820172,1760,645
fed-03,382,67,0.398075086,1764,1409
fed-03,383,55,0.271259077,1766,169
fed-03,384,18,0.193489484,1763,656
fed-03,385,42,0.29583792,1766,1421
fed-03,386,37,0.227387882,1767,622
fed-03,387,32,0.252313172,1768,634
fed-03,388,77,0.36307713,1769,1395
fed-03,389,60,0.348563109,1770,1363
fed-03,390,16,0.196944381,1768,1446
fed-03,391,64,0.234464647,1774,142
fed-03,392,55,0.358642224,1776,1436
fed-03,393,64,0.382087339,1782,1391
fed-03,394,143,0.340091693,1788,1404
fed-03,395,71,0.333188265,1784,1427
fed-03,396,39,0.266489819,1788,1366
fed-03,397,41,0.3059058,1791,1376
fed-03,398,142,0.427963232,1797,1637
fed-03,399,104,0.412914268,1797,1388
fed-03,400,81,0.379470964,1806,1448
fed-03,401,64,0.360738298,1808,1413
fed-03,402,57,0.282331257,1808,1434
fed-03,403,57,0.305319911,1815,1383
fed-03,404,70,0.371245027,1814,1653
fed-03,405,54,0.332180429,1816,1395
fed-03,406,50,0.247840696,1818,1638
fed-03,407,73,0.357935684,1820,1408
fed-03,408,26,0.209776925,1821,1371
fed-04,1,82,0.374357028,39,981
fed-04,2,12,0.182122784,39,1486
fed-04,3,27,0.198927347,43,1477
fed-04,4,48,0.201507464,50,1514
fed-04,5,152,0.359026213,54,969
fed-04,6,19,0.185331261,59,1483
fed-04,7,9,0.188092877,72,1514
fed-04,8,28,0.201203283,74,1697
fed-04,9,29,0.211641581,75,1538
fed-04,10,31,0.20715402,75,1723
fed-04,11,22,0.189405384,83,1731
fed-04,12,25,0.190051728,84,1702
fed-04,13,96,0.248336449,91,1716
fed-04,14,37,0.212395275,104,700
fed-04,15,36,0.213225333,108,689
fed-04,16,37,0.225597628,124,1715
fed-04,17,40,0.225409705,133,1696
fed-04,18,12,0.189533583,135,1718
fed-04,19,22,0.188681967,136,1736
fed-04,20,43,0.245337393,146,1699
fed-04,21,39,0.210771304,148,1719
fed-04,22,42,0.234921362,149,1671
fed-04,23,41,0.228833597,149,1735
fed-04,24,15,0.183837644,158,1712
fed-04,25,25,0.191382315,160,1726
fed-04,26,31,0.205890475,162,1695
fed-04,27,42,0.238687797,164,1672
fed-04,28,29,0.209404293,165,1683
fed-04,29,23,0.195781876,164,1704
fed-04,30,43,0.237267854,209,68
fed-04,31,31,0.195274133,227,357
fed-04,32,9,0.176804591,235,140
fed-04,33,19,0.184150695,244,348
fed-04,34,89,0.297123503,315,991
fed-04,35,30,0.207042547,319,1538
fed-04,36,26,0.19984741,322,412
fed-04,37,72,0.336045624,325,966
fed-04,38,27,0.221498832,323,1547
fed-04,39,39,0.244260945,324,1643
fed-04,40,36,0.220913337,325,1568
fed-04,41,41,0.20397144,329,1624
fed-04,42,68,0.339764787,331,988
fed-04,43,16,0.190386816,330,1554
fed-04,44,81,0.237779643,336,1574
fed-04,45,23,0.20734357,333,1243
fed-04,46,53,0.257574017,335,1543
fed-04,47,67,0.225516045,337,1643
fed-04,48,39,0.215819693,337,1019
fed-04,49,51,0.270171455,341,1053
fed-04,50,38,0.222549622,340,1213
fed-04,51,45,0.229131846,341,1247
fed-04,52,41,0.297403919,342,981
fed-04,53,64,0.320438506,344,1008
fed-04,54,43,0.288555201,344,990
fed-04,55,118,0.298225815,350,1037
fed-04,56,30,0.202488746,345,423
fed-04,57,23,0.195836941,345,1625
fed-04,58,51,0.217256458,347,1232
fed-04,59,44,0.250975884,347,1636
fed-04,60,9,0.18353382,347,577
fed-04,61,85,0.264470983,353,1216
fed-04,62,71,0.244777277,357,1584
fed-04,63,42,0.234162407,355,586
fed-04,64,43,0.269353319,356,1241
fed-04,65,24,0.207806261,356,1201
fed-04,66,31,0.216456117,356,1688
fed-04,67,32,0.221263447,356,1698
fed-04,68,32,0.220129511,358,438
fed-04,69,22,0.210147943,359,1027
fed-04,70,18,0.208232242,360,578
fed-04,71,38,0.223923737,362,429
fed-04,72,9,0.195454507,362,1225
fed-04,73,59,0.292345273,368,1700
fed-04,74,71,0.309005724,371,585
fed-04,75,60,0.234971135,372,1232
fed-04,76,29,0.249960142,372,573
fed-04,77,39,0.205800776,377,1022
fed-04,78,37,0.205112185,514,269
fed-04,79,53,0.249527618,519,249
fed-04,80,23,0.194169727,519,225
fed-04,81,26,0.188400209,523,235
fed-04,82,35,0.20436626,525,286
fed-04,83,35,0.228778079,531,279
fed-04,84,22,0.18650825,532,221
fed-04,85,23,0.194861027,536,230
fed-04,86,33,0.20727023,560,972
fed-04,87,22,0.19498325,592,506
fed-04,88,49,0.21601917,602,497
fed-04,89,32,0.206286717,602,486
fed-04,90,22,0.188129868,607,136
fed-04,91,27,0.19764785,610,1695
fed-04,92,41,0.23583451,612,504
fed-04,93,32,0.200520714,611,1684
fed-04,94,27,0.197025621,615,1650
fed-04,95,22,0.187095029,616,139
fed-04,96,30,0.199393708,617,486
fed-04,97,35,0.225670471,618,516
fed-04,98,30,0.204638743,623,477
fed-04,99,12,0.177522189,621,1690
fed-04,100,39,0.21836482,625,1676
fed-04,101,39,0.211430964,626,462
fed-04,102,30,0.205675848,627,514
fed-04,103,15,0.180557972,634,1688
fed-04,104,26,0.201874512,634,474
fed-04,105,56,0.283903639,637,976
fed-04,106,26,0.204350582,638,460
fed-04,107,12,0.181747667,640,1672
fed-04,108,22,0.196899644,643,477
fed-04,109,65,0.330593048,647,986
fed-04,110,34,0.22111355,647,466
fed-04,111,19,0.184817273,645,581
fed-04,112,47,0.203258613,649,517
fed-04,113,18,0.189406,652,482
fed-04,114,51,0.252517664,654,592
fed-04,115,31,0.209633857,655,82
fed-04,116,45,0.247837034,656,96
fed-04,117,23,0.203990566,655,577
fed-04,118,39,0.207432709,658,497
fed-04,119,62,0.314577534,659,1015
fed-04,120,23,0.197652764,658,557
fed-04,121,29,0.215407929,663,105
fed-04,122,24,0.220651179,662,484
fed-04,123,39,0.238699618,664,565
fed-04,124,56,0.210532267,668,77
fed-04,125,36,0.215055992,665,476
fed-04,126,30,0.210206251,667,116
fed-04,127,35,0.226743834,668,64
fed-04,128,24,0.198641311,670,500
fed-04,129,15,0.193102922,670,485
fed-04,130,32,0.225402457,678,63
fed-04,131,15,0.204842196,677,84
fed-04,132,27,0.199851931,679,553
fed-04,133,33,0.232443917,681,93
fed-04,134,23,0.197962589,683,77
fed-04,135,36,0.213733967,689,67
fed-04,136,19,0.20382359,689,92
fed-04,137,36,0.210535507,689,122
fed-04,138,32,0.213118944,691,104
fed-04,139,40,0.207512016,699,97
fed-04,140,37,0.246808493,699,112
fed-04,141,15,0.182323949,768,1573
fed-04,142,28,0.328339273,770,2
fed-04,143,38,0.239590737,770,11
fed-04,144,33,0.232832791,772,23
fed-04,145,55,0.240817051,778,1563
fed-04,146,48,0.292630846,782,24
fed-04,147,41,0.225939593,782,1701
fed-04,148,37,0.224150908,783,1715
fed-04,149,31,0.240673169,787,14
fed-04,150,35,0.210399677,789,1687
fed-04,151,80,0.243105211,792,1537
fed-04,152,42,0.240454937,790,1551
fed-04,153,52,0.208511013,794,1505
fed-04,154,74,0.24465429,804,1554
fed-04,155,45,0.275906852,805,20
fed-04,156,34,0.197811228,804,120
fed-04,157,41,0.253352612,806,30
fed-04,158,45,0.297620101,815,26
fed-04,159,53,0.27348054,817,1522
fed-04,160,31,0.289598515,820,2
fed-04,161,27,0.255514017,824,21
fed-04,162,59,0.289545372,828,1556
fed-04,163,48,0.300786793,828,11
fed-04,164,31,0.199490546,830,1683
fed-04,165,16,0.216254673,832,20
fed-04,166,28,0.206139576,833,1566
fed-04,167,39,0.217448887,838,1549
fed-04,168,26,0.197787442,866,810
fed-04,169,32,0.211411841,870,878
fed-04,170,26,0.201317558,876,864
fed-04,171,58,0.235415664,883,877
fed-04,172,63,0.227318251,912,1416
fed-04,173,52,0.240098362,910,1373
fed-04,174,64,0.229512856,910,1402
fed-04,175,81,0.243585041,925,1372
fed-04,176,51,0.251285273,924,1400
fed-04,177,65,0.212732597,929,1431
fed-04,178,40,0.219747082,932,1409
fed-04,179,24,0.205741843,937,1377
fed-04,180,39,0.215702707,939,1387
fed-04,181,43,0.239067709,941,1199
fed-04,182,31,0.202557117,943,1420
fed-04,183,44,0.256224641,948,1442
fed-04,184,53,0.289150691,953,1199
fed-04,185,18,0.185561574,987,106
fed-04,186,47,0.230961205,990,152
fed-04,187,27,0.201770047,993,113
fed-04,188,37,0.218477438,997,123
fed-04,189,52,0.267898539,1003,153
fed-04,190,39,0.217367114,1009,127
fed-04,191,45,0.224658579,1011,139
fed-04,192,26,0.18959276,1011,1803
fed-04,193,18,0.200818053,1014,155
fed-04,194,37,0.205758013,1021,161
fed-04,195,61,0.282467259,1022,180
fed-04,196,54,0.244106485,1024,193
fed-04,197,31,0.204512733,1024,206
fed-04,198,66,0.242642493,1040,195
fed-04,199,26,0.190559947,1038,621
fed-04,200,55,0.211195128,1043,387
fed-04,201,31,0.190762877,1044,640
fed-04,202,19,0.191066244,1045,606
fed-04,203,58,0.228626714,1049,179
fed-04,204,41,0.245928167,1050,66
fed-04,205,42,0.204697962,1050,626
fed-04,206,36,0.215548519,1050,595
fed-04,207,58,0.218106934,1053,55
fed-04,208,32,0.210388056,1054,942
fed-04,209,52,0.270113152,1056,401
fed-04,210,48,0.224026284,1058,192
fed-04,211,26,0.19133581,1057,634
fed-04,212,42,0.216185099,1058,384
fed-04,213,22,0.191020066,1060,604
fed-04,214,41,0.219632779,1062,83
fed-04,215,9,0.185330994,1063,1472
fed-04,216,53,0.291027551,1067,393
fed-04,217,23,0.18820544,1067,613
fed-04,218,9,0.176652001,1067,940
fed-04,219,32,0.20438077,1068,1488
fed-04,220,48,0.278944775,1070,381
fed-04,221,47,0.209901482,1072,73
fed-04,222,16,0.18867113,1072,86
fed-04,223,16,0.185440986,1074,716
fed-04,224,32,0.209231231,1076,743
fed-04,225,64,0.279146401,1079,1467
fed-04,226,22,0.194717604,1082,962
fed-04,227,17,0.19333091,1085,714
fed-04,228,15,0.187163094,1086,708
fed-04,229,26,0.191141551,1088,936
fed-04,230,40,0.217922103,1092,1468
fed-04,231,46,0.224330842,1093,1502
fed-04,232,45,0.206296212,1095,957
fed-04,233,47,0.23020215,1098,753
fed-04,234,44,0.242197785,1101,1492
fed-04,235,19,0.183338754,1102,973
fed-04,236,22,0.188539781,1104,933
fed-04,237,30,0.199437959,1108,1503
fed-04,238,15,0.179946593,1110,691
fed-04,239,30,0.19434755,1114,740
fed-04,240,33,0.197959915,1116,710
fed-04,241,52,0.24849904,1117,1487
fed-04,242,12,0.182439409,1122,696
fed-04,243,9,0.177681137,1122,943
fed-04,244,37,0.21669502,1124,1679
fed-04,245,27,0.194305559,1127,730
fed-04,246,32,0.223646715,1129,1476
fed-04,247,49,0.248688113,1129,1493
fed-04,248,43,0.221801594,1137,1684
fed-04,249,9,0.184391716,1137,700
fed-04,250,27,0.199479498,1140,693
fed-04,251,32,0.24190938,1196,518
fed-04,252,15,0.188726635,1197,528
fed-04,253,40,0.227103456,1204,1290
fed-04,254,22,0.205880272,1204,1337
fed-04,255,50,0.228449226,1205,1689
fed-04,256,34,0.199976214,1210,537
fed-04,257,35,0.218869306,1210,1331
fed-04,258,48,0.272850703,1213,1305
fed-04,259,15,0.197433433,1211,1709
fed-04,260,74,0.227980922,1218,505
fed-04,261,44,0.222056916,1217,521
fed-04,262,73,0.316963538,1218,1679
fed-04,263,44,0.282645984,1219,1704
fed-04,264,40,0.253105974,1220,543
fed-04,265,43,0.245516598,1220,1323
fed-04,266,28,0.218680313,1226,535
fed-04,267,37,0.212245159,1228,1296
fed-04,268,54,0.204557079,1231,1699
fed-04,269,48,0.267656596,1232,1308
fed-04,270,34,0.240849748,1237,1684
fed-04,271,44,0.246408928,1239,525
fed-04,272,37,0.236785378,1245,1684
fed-04,273,26,0.204468546,1247,1658
fed-04,274,26,0.19096079,1255,592
fed-04,275,49,0.287331119,1256,1686
fed-04,276,63,0.266335812,1257,1661
fed-04,277,38,0.248789919,1260,1674
fed-04,278,33,0.197997369,1261,608
fed-04,279,38,0.216831103,1262,478
fed-04,280,32,0.222985809,1262,1650
fed-04,281,9,0.191688919,1266,469
fed-04,282,34,0.207807234,1273,464
fed-04,283,62,0.23593352,1275,959
fed-04,284,45,0.211635513,1276,492
fed-04,285,26,0.191666813,1278,1637
fed-04,286,61,0.284592765,1279,453
fed-04,287,30,0.199919636,1279,945
fed-04,288,40,0.20347219,1288,982
fed-04,289,56,0.247601336,1290,467
fed-04,290,57,0.227558864,1290,941
fed-04,291,12,0.188315404,1288,491
fed-04,292,23,0.193794222,1289,1326
fed-04,293,40,0.241269932,1290,482
fed-04,294,23,0.199217146,1292,992
fed-04,295,20,0.189914549,1292,1002
fed-04,296,39,0.239273201,1294,178
fed-04,297,32,0.212352178,1296,928
fed-04,298,12,0.182219425,1298,496
fed-04,299,52,0.273980433,1301,167
fed-04,300,33,0.219187064,1301,950
fed-04,301,59,0.262182842,1304,939
fed-04,302,69,0.219808643,1306,997
fed-04,303,24,0.188864729,1310,926
fed-04,304,28,0.227418827,1315,164
fed-04,305,37,0.208846933,1318,959
fed-04,306,66,0.296472392,1320,176
fed-04,307,42,0.226639709,1319,984
fed-04,308,31,0.229988408,1319,186
fed-04,309,27,0.205030391,1322,993
fed-04,310,35,0.193829252,1325,950
fed-04,311,49,0.295643238,1326,163
fed-04,312,37,0.200619434,1331,986
fed-04,313,47,0.196575486,1336,968
fed-04,314,31,0.196165555,1345,985
fed-04,315,67,0.320284364,1371,210
fed-04,316,37,0.229853658,1409,7
fed-04,317,45,0.218244365,1415,21
fed-04,318,23,0.224411118,1419,1
fed-04,319,62,0.221337527,1435,8
fed-04,320,49,0.223106207,1443,1292
fed-04,321,46,0.216397478,1444,1321
fed-04,322,18,0.185167383,1452,1332
fed-04,323,34,0.212631329,1457,1293
fed-04,324,26,0.201649148,1464,1295
fed-04,325,34,0.23038161,1466,1318
fed-04,326,51,0.231666061,1470,1307
fed-04,327,64,0.222321565,1475,1280
fed-04,328,45,0.258657376,1479,1316
fed-04,329,39,0.22478339,1480,1329
fed-04,330,37,0.198535959,1490,704
fed-04,331,18,0.182619974,1489,1280
fed-04,332,19,0.181885132,1498,1299
fed-04,333,35,0.213842113,1504,703
fed-04,334,65,0.263859476,1510,739
fed-04,335,33,0.216364145,1512,711
fed-04,336,35,0.223996338,1513,726
fed-04,337,43,0.254799051,1517,700
fed-04,338,48,0.23906246,1522,719
fed-04,339,14,0.18065265,1522,908
fed-04,340,38,0.209998675,1525,893
fed-04,341,31,0.208394923,1527,939
fed-04,342,60,0.234174614,1533,914
fed-04,343,55,0.265087219,1535,717
fed-04,344,20,0.210743114,1532,890
fed-04,345,16,0.189292935,1534,948
fed-04,346,28,0.223517967,1540,896
fed-04,347,28,0.193720912,1540,937
fed-04,348,14,0.19157484,1544,904
fed-04,349,75,0.260686147,1550,916
fed-04,350,105,0.283363088,1556,947
fed-04,351,34,0.192714266,1558,898
fed-04,352,37,0.20846587,1566,917
fed-04,353,49,0.210003379,1636,685
fed-04,354,14,0.183680476,1636,668
fed-04,355,15,0.18456906,1645,675
fed-04,356,49,0.200925506,1673,454
fed-04,357,40,0.224656672,1675,1241
fed-04,358,23,0.188096636,1680,1251
fed-04,359,31,0.203258047,1685,421
fed-04,360,26,0.189259996,1685,1664
fed-04,361,27,0.194022419,1686,455
fed-04,362,18,0.193762451,1694,206
fed-04,363,12,0.178639913,1695,230
fed-04,364,14,0.186845633,1696,214
fed-04,365,15,0.191236235,1700,1710
fed-04,366,48,0.226112955,1702,1701
fed-04,367,9,0.186533065,1704,205
fed-04,368,35,0.218224068,1705,1718
fed-04,369,23,0.190854538,1710,455
fed-04,370,48,0.197188525,1715,237
fed-04,371,36,0.212717547,1716,1694
fed-04,372,31,0.226025,1715,1716
fed-04,373,23,0.20280965,1716,1707
fed-04,374,48,0.239266232,1719,1682
fed-04,375,46,0.218594777,1720,168
fed-04,376,60,0.22419089,1722,415
fed-04,377,60,0.281779965,1728,993
fed-04,378,77,0.266426288,1729,1672
fed-04,379,33,0.224765393,1727,1704
fed-04,380,46,0.210783153,1730,453
fed-04,381,37,0.242445238,1729,983
fed-04,382,9,0.190178276,1727,1662
fed-04,383,47,0.242038281,1731,1690
fed-04,384,28,0.233112622,1738,988
fed-04,385,42,0.231369643,1741,200
fed-04,386,21,0.190884551,1743,951
fed-04,387,53,0.270426144,1745,962
fed-04,388,15,0.185185524,1746,982
fed-04,389,52,0.269794473,1755,954
fed-04,390,56,0.233424342,1760,998
fed-04,391,31,0.224351922,1760,1007
fed-04,392,92,0.246966108,1764,1612
fed-04,393,50,0.221452964,1766,498
fed-04,394,37,0.209457707,1767,1628
fed-04,395,15,0.189612675,1767,964
fed-04,396,15,0.191701127,1771,970
fed-04,397,29,0.203457484,1771,1010
fed-04,398,53,0.284957915,1779,995
fed-04,399,19,0.183080957,1777,1701
fed-04,400,12,0.180172173,1778,479
fed-04,401,41,0.234135176,1780,962
fed-04,402,38,0.272754213,1781,985
fed-04,403,47,0.247957807,1787,972
fed-04,404,37,0.216861219,1790,463
fed-04,405,48,0.287208171,1791,987
fed-04,406,16,0.186017967,1804,458
fed-04,407,48,0.244353208,1835,1383
starved-01,1,38,0.179488261,45,1433
starved-01,2,58,0.24408042,99,1483
starved-01,3,56,0.185045614,124,1012
starved-01,4,142,0.281869918,155,593
starved-01,5,21,0.172153012,161,1123
starved-01,6,109,0.251006151,168,554
starved-01,7,92,0.217047976,187,1103
starved-01,8,129,0.298001837,196,287
starved-01,9,51,0.236814634,191,303
starved-01,10,55,0.194917359,194,531
starved-01,11,57,0.196981391,195,1085
starved-01,12,49,0.20942883,214,516
starved-01,13,70,0.264104023,231,1678
starved-01,14,80,0.268185702,237,1663
starved-01,15,65,0.245967921,241,645
starved-01,16,96,0.229752391,251,119
starved-01,17,69,0.237925525,254,107
starved-01,18,33,0.189648372,253,638
starved-01,19,65,0.214773081,320,1305
starved-01,20,49,0.192129147,344,859
starved-01,21,69,0.258143729,346,846
starved-01,22,57,0.198646766,371,312
starved-01,23,80,0.249759861,374,839
starved-01,24,72,0.231388444,381,742
starved-01,25,45,0.217009401,395,23
starved-01,26,65,0.246532974,409,27
starved-01,27,15,0.172263167,429,252
starved-01,28,63,0.204551306,450,228
starved-01,29,74,0.241258539,477,819
starved-01,30,90,0.21553521,497,553
starved-01,31,12,0.180791435,501,1084
starved-01,32,70,0.266788303,514,1082
starved-01,33,72,0.221220213,525,1114
starved-01,34,30,0.1918115,525,1100
starved-01,35,50,0.231765011,527,1588
starved-01,36,69,0.252259275,527,1599
starved-01,37,46,0.241099844,528,1611
starved-01,38,43,0.21103866,531,560
starved-01,39,66,0.248525308,534,1105
starved-01,40,53,0.22072204,540,1176
starved-01,41,37,0.182752356,545,472
starved-01,42,38,0.18836339,554,1155
starved-01,43,43,0.196794541,556,1167
starved-01,44,29,0.179651831,571,1075
starved-01,45,59,0.198286593,575,1096
starved-01,46,60,0.238162305,595,637
starved-01,47,47,0.211724773,603,263
starved-01,48,30,0.183668777,611,258
starved-01,49,134,0.2822697,622,569
starved-01,50,73,0.261451426,623,542
starved-01,51,64,0.205059558,636,556
starved-01,52,71,0.284092255,668,850
starved-01,53,22,0.183732495,670,779
starved-01,54,67,0.252981601,675,769
starved-01,55,70,0.216229496,757,800
starved-01,56,37,0.190310109,758,42
starved-01,57,38,0.194975365,760,318
starved-01,58,27,0.183081701,762,30
starved-01,59,68,0.200488737,765,1213
starved-01,60,41,0.226721525,765,792
starved-01,61,51,0.198387929,771,806
starved-01,62,67,0.203962108,772,40
starved-01,63,12,0.191036596,772,785
starved-01,64,9,0.184208608,775,781
starved-01,65,74,0.20278972,784,1209
starved-01,66,39,0.19002686,785,1196
starved-01,67,73,0.232160792,788,26
starved-01,68,9,0.180868577,790,1063
starved-01,69,52,0.21911662,793,1765
starved-01,70,15,0.180975051,792,1057
starved-01,71,91,0.20741119,808,92
starved-01,72,68,0.265752023,808,1778
starved-01,73,61,0.197194091,816,107
starved-01,74,103,0.279202175,829,333
starved-01,75,34,0.189079477,829,351
starved-01,76,122,0.242077879,833,96
starved-01,77,49,0.201086193,832,1483
starved-01,78,105,0.278339092,836,80
starved-01,79,50,0.197413901,842,1472
starved-01,80,84,0.240726511,845,327
starved-01,81,12,0.1696053,849,1812
starved-01,82,9,0.166481015,850,1075
starved-01,83,80,0.250956931,858,1469
starved-01,84,67,0.213507423,862,1801
starved-01,85,23,0.171114672,862,55
starved-01,86,38,0.200609959,910,1715
starved-01,87,61,0.236205406,916,1553
starved-01,88,23,0.173809548,936,514
starved-01,89,92,0.284003735,981,759
starved-01,90,81,0.25765499,1009,1215
starved-01,91,90,0.234391631,1042,658
starved-01,92,123,0.26073252,1052,184
starved-01,93,80,0.241717784,1055,841
starved-01,94,36,0.191935607,1070,831
starved-01,95,21,0.184678489,1088,243
starved-01,96,68,0.195372702,1092,258
starved-01,97,40,0.179617762,1099,220
starved-01,98,63,0.253252049,1112,1107
starved-01,99,46,0.205871075,1117,768
starved-01,100,29,0.185366598,1121,216
starved-01,101,47,0.178871449,1136,1358
starved-01,102,47,0.199126989,1145,142
starved-01,103,39,0.193674549,1149,1462
starved-01,104,57,0.227077001,1150,1368
starved-01,105,42,0.199689733,1156,1485
starved-01,106,71,0.267996136,1165,1473
starved-01,107,67,0.242652155,1219,1802
starved-01,108,57,0.192193806,1259,591
starved-01,109,127,0.267322324,1311,647
starved-01,110,58,0.200321229,1310,743
starved-01,111,45,0.184527691,1321,960
starved-01,112,89,0.224301107,1323,758
starved-01,113,21,0.178542909,1350,959
starved-01,114,22,0.176202168,1390,1633
starved-01,115,15,0.177221332,1393,1644
starved-01,116,68,0.200879638,1453,1324
starved-01,117,37,0.187889285,1467,1299
starved-01,118,65,0.268123551,1473,1288
starved-01,119,74,0.239699439,1474,1313
starved-01,120,62,0.212819547,1473,1336
starved-01,121,65,0.224674073,1524,105
starved-01,122,55,0.20273192,1538,99
starved-01,123,62,0.215835665,1544,109
starved-01,124,79,0.204428593,1556,127
starved-01,125,113,0.303570679,1563,147
starved-01,126,63,0.189107238,1565,1807
starved-01,127,107,0.252320619,1594,192
starved-01,128,77,0.209010552,1622,1001
starved-01,129,59,0.206361978,1645,967
starved-01,130,76,0.268234732,1652,987
starved-01,131,51,0.219180591,1658,971
starved-01,132,47,0.227597077,1686,444
starved-01,133,84,0.264370184,1695,1545
starved-01,134,12,0.175834796,1708,160
starved-01,135,99,0.252991038,1720,155
starved-01,136,40,0.184540322,1733,1077
starved-01,137,60,0.241423667,1744,1280
starved-01,138,46,0.188844992,1749,1085
starved-01,139,89,0.228079172,1768,1286
starved-01,140,31,0.180506353,1770,1302
starved-01,141,65,0.270231878,1772,1270
starved-01,142,80,0.280746929,1778,751
starved-01,143,72,0.218486093,1793,743
starved-01,144,73,0.201297644,1807,1735
starved-01,145,66,0.22315834,1816,436
starved-01,146,85,0.233131645,1825,863
starved-01,147,61,0.278296793,1834,808
starved-01,148,6,0.17171486,1838,842
starved-02,1,78,0.323330653,91,1488
starved-02,2,22,0.212102485,123,1008
starved-02,3,52,0.300995651,128,1019
starved-02,4,187,0.426995005,158,590
starved-02,5,31,0.249859592,161,1128
starved-02,6,116,0.392370884,170,552
starved-02,7,137,0.339508559,185,1105
starved-02,8,60,0.258107881,183,521
starved-02,9,40,0.22971046,183,1143
starved-02,10,42,0.270013479,186,306
starved-02,11,90,0.302261048,193,291
starved-02,12,45,0.331101786,193,1088
starved-02,13,82,0.361009105,196,529
starved-02,14,21,0.222708331,203,1086
starved-02,15,41,0.286492974,215,513
starved-02,16,71,0.26014827,221,254
starved-02,17,34,0.226473505,228,266
starved-02,18,9,0.244061273,232,1671
starved-02,19,60,0.36514814,235,1682
starved-02,20,29,0.214398729,237,253
starved-02,21,72,0.383604817,241,1668
starved-02,22,69,0.355251702,246,128
starved-02,23,26,0.226449167,248,640
starved-02,24,64,0.343456264,253,114
starved-02,25,108,0.396176202,259,636
starved-02,26,55,0.35035935,325,1307
starved-02,27,33,0.269708761,335,1290
starved-02,28,9,0.203148445,338,1281
starved-02,29,66,0.356369832,342,853
starved-02,30,62,0.334707138,343,838
starved-02,31,33,0.214233893,346,1292
starved-02,32,79,0.356562587,368,311
starved-02,33,75,0.344847384,371,833
starved-02,34,73,0.377606445,380,739
starved-02,35,40,0.234864576,386,1586
starved-02,36,32,0.208706703,390,20
starved-02,37,52,0.31649735,404,26
starved-02,38,39,0.263766279,409,18
starved-02,39,48,0.286096488,440,250
starved-02,40,23,0.217942619,446,268
starved-02,41,111,0.373269768,453,232
starved-02,42,83,0.270705344,460,815
starved-02,43,26,0.20816475,465,74
starved-02,44,63,0.386879663,473,814
starved-02,45,53,0.335187448,480,1386
starved-02,46,31,0.215282157,479,301
starved-02,47,15,0.210795249,484,808
starved-02,48,93,0.347627919,497,544
starved-02,49,27,0.247275841,494,1094
starved-02,50,44,0.237650596,504,289
starved-02,51,46,0.30972829,504,1091
starved-02,52,43,0.278279137,514,1087
starved-02,53,27,0.209469071,523,1121
starved-02,54,54,0.347759891,526,1107
starved-02,55,66,0.269582758,528,548
starved-02,56,82,0.40581164,535,1605
starved-02,57,29,0.21413038,535,1185
starved-02,58,35,0.268421018,535,1593
starved-02,59,12,0.21138323,535,1616
starved-02,60,22,0.228422703,540,1176
starved-02,61,52,0.289659372,545,471
starved-02,62,9,0.187362139,557,1161
starved-02,63,32,0.23290465,558,1173
starved-02,64,61,0.336353369,572,1080
starved-02,65,93,0.371480068,575,1103
starved-02,66,45,0.318754864,597,631
starved-02,67,34,0.240550851,608,265
starved-02,68,207,0.439902711,625,565
starved-02,69,78,0.375813472,627,539
starved-02,70,95,0.39773781,640,554
starved-02,71,62,0.373940544,668,852
starved-02,72,21,0.199485553,670,782
starved-02,73,51,0.253177392,675,772
starved-02,74,18,0.232692454,674,844
starved-02,75,72,0.360843019,758,802
starved-02,76,59,0.253640635,759,44
starved-02,77,19,0.195244807,758,317
starved-02,78,91,0.356875489,767,1213
starved-02,79,75,0.379386689,773,808
starved-02,80,58,0.335770041,773,47
starved-02,81,105,0.344609315,774,789
starved-02,82,67,0.282184181,776,25
starved-02,83,72,0.317237185,786,1066
starved-02,84,104,0.375865363,785,1211
starved-02,85,39,0.244325502,786,1778
starved-02,86,58,0.326814048,787,32
starved-02,87,31,0.283573663,786,1197
starved-02,88,34,0.287715141,790,1768
starved-02,89,19,0.198224332,797,1758
starved-02,90,48,0.234110272,803,1782
starved-02,91,26,0.211245899,804,1088
starved-02,92,136,0.368307124,813,97
starved-02,93,79,0.31913858,821,112
starved-02,94,9,0.200595102,822,348
starved-02,95,86,0.341480764,830,338
starved-02,96,115,0.346296602,837,100
starved-02,97,114,0.403510914,839,82
starved-02,98,54,0.348298478,838,325
starved-02,99,41,0.283068999,839,1484
starved-02,100,64,0.355710451,846,332
starved-02,101,22,0.198161288,845,1078
starved-02,102,43,0.242604963,848,1815
starved-02,103,57,0.302271854,850,1473
starved-02,104,68,0.289224662,860,1805
starved-02,105,18,0.213690734,859,1484
starved-02,106,72,0.380102871,867,1472
starved-02,107,12,0.213294423,868,1812
starved-02,108,47,0.254993515,906,1728
starved-02,109,15,0.200630706,908,498
starved-02,110,24,0.233449048,910,1719
starved-02,111,62,0.288205022,921,1201
starved-02,112,57,0.374593729,927,1553
starved-02,113,9,0.203628256,926,1539
starved-02,114,15,0.198372371,933,518
starved-02,115,75,0.310942245,974,786
starved-02,116,67,0.29321486,981,762
starved-02,117,43,0.247625891,992,785
starved-02,118,72,0.366271416,1001,1219
starved-02,119,31,0.252526968,1004,1207
starved-02,120,27,0.206159559,1028,1211
starved-02,121,81,0.307625649,1032,178
starved-02,122,107,0.416728024,1039,666
starved-02,123,151,0.419471421,1048,190
starved-02,124,85,0.374244925,1052,847
starved-02,125,81,0.335206425,1053,668
starved-02,126,30,0.221570153,1057,204
starved-02,127,48,0.237757178,1065,856
starved-02,128,30,0.235048956,1068,838
starved-02,129,52,0.309803628,1078,1118
starved-02,130,73,0.328228877,1087,250
starved-02,131,103,0.345783806,1091,264
starved-02,132,60,0.276690572,1091,1114
starved-02,133,54,0.325304545,1098,229
starved-02,134,52,0.332348833,1103,1110
starved-02,135,35,0.220522513,1104,768
starved-02,136,51,0.247180896,1114,778
starved-02,137,80,0.316098459,1120,224
starved-02,138,40,0.235495918,1124,241
starved-02,139,19,0.198861195,1140,145
starved-02,140,46,0.296787644,1143,1360
starved-02,141,27,0.210423607,1148,1466
starved-02,142,48,0.289449022,1155,1372
starved-02,143,9,0.194401634,1155,1485
starved-02,144,19,0.20182787,1158,1354
starved-02,145,60,0.243767453,1164,1477
starved-02,146,42,0.3142512,1209,1795
starved-02,147,64,0.379281586,1215,1805
starved-02,148,20,0.208533608,1238,1808
starved-02,149,89,0.333038268,1256,603
starved-02,150,45,0.260065953,1268,727
starved-02,151,106,0.375179473,1308,658
starved-02,152,61,0.344814121,1309,752
starved-02,153,9,0.201166467,1316,947
starved-02,154,88,0.36736286,1321,768
starved-02,155,65,0.31172022,1324,965
starved-02,156,70,0.326459362,1352,960
starved-02,157,24,0.210222273,1363,975
starved-02,158,69,0.27684554,1393,1648
starved-02,159,39,0.264082414,1419,1671
starved-02,160,53,0.243027851,1430,1678
starved-02,161,81,0.359142744,1457,1328
starved-02,162,42,0.306982456,1469,1303
starved-02,163,47,0.250419055,1473,1291
starved-02,164,26,0.209896649,1475,535
starved-02,165,53,0.339773504,1478,1339
starved-02,166,89,0.303319866,1479,449
starved-02,167,12,0.215654485,1477,1318
starved-02,168,48,0.255361957,1499,771
starved-02,169,58,0.276864429,1509,756
starved-02,170,52,0.350332177,1522,111
starved-02,171,43,0.241935341,1528,125
starved-02,172,222,0.398602012,1539,113
starved-02,173,126,0.410323939,1553,134
starved-02,174,56,0.287021112,1553,162
starved-02,175,56,0.323177092,1555,1813
starved-02,176,24,0.217168307,1555,1801
starved-02,177,95,0.390685732,1562,153
starved-02,178,128,0.428267338,1591,201
starved-02,179,87,0.40410836,1624,1008
starved-02,180,51,0.318646375,1646,973
starved-02,181,37,0.240725092,1648,1010
starved-02,182,82,0.388958609,1655,992
starved-02,183,39,0.24279647,1660,974
starved-02,184,41,0.270236161,1664,1548
starved-02,185,40,0.248438239,1691,446
starved-02,186,56,0.295615484,1699,1572
starved-02,187,91,0.392558963,1703,1548
starved-02,188,26,0.247908047,1708,167
starved-02,189,9,0.196029263,1707,158
starved-02,190,71,0.267071138,1709,387
starved-02,191,92,0.373620634,1719,162
starved-02,192,18,0.199319278,1726,1055
starved-02,193,9,0.200345871,1732,506
starved-02,194,57,0.263010926,1738,521
starved-02,195,43,0.313833723,1743,1073
starved-02,196,12,0.200078838,1744,505
starved-02,197,40,0.254286259,1749,1282
starved-02,198,60,0.288354823,1755,1273
starved-02,199,41,0.295550879,1759,1074
starved-02,200,140,0.392580519,1771,1286
starved-02,201,58,0.328910322,1774,1306
starved-02,202,49,0.285121987,1776,1272
starved-02,203,36,0.25786433,1776,762
starved-02,204,69,0.385657625,1784,754
starved-02,205,72,0.403571459,1798,746
starved-02,206,80,0.375327878,1810,1743
starved-02,207,12,0.201208006,1809,1766
starved-02,208,12,0.215379822,1813,446
starved-02,209,59,0.343557913,1821,439
starved-02,210,9,0.204121631,1821,1747
starved-02,211,92,0.415369982,1831,860
starved-02,212,22,0.28677459,1837,806
starved-03,1,21,0.250184743,1,1263
starved-03,2,34,0.382950736,1,1524
starved-03,3,21,0.233683928,4,216
starved-03,4,115,0.340422011,14,204
starved-03,5,186,0.462361654,18,145
starved-03,6,12,0.203672338,31,482
starved-03,7,38,0.236263066,39,467
starved-03,8,64,0.31385996,64,1039
starved-03,9,157,0.420593751,69,962
starved-03,10,79,0.338734254,70,1051
starved-03,11,52,0.286549466,70,1251
starved-03,12,62,0.366313002,76,936
starved-03,13,58,0.329473327,88,947
starved-03,14,47,0.293202755,108,1613
starved-03,15,28,0.291939967,108,1604
starved-03,16,99,0.423158417,118,980
starved-03,17,159,0.371061697,141,101
starved-03,18,18,0.207681222,153,1058
starved-03,19,152,0.424145194,159,657
starved-03,20,149,0.395623835,159,112
starved-03,21,78,0.354531636,169,96
starved-03,22,92,0.331358285,201,78
starved-03,23,130,0.384218415,213,56
starved-03,24,73,0.329007714,217,77
starved-03,25,63,0.286958502,227,1425
starved-03,26,41,0.242763223,228,176
starved-03,27,35,0.278427885,243,178
starved-03,28,50,0.363184253,249,778
starved-03,29,39,0.291496617,286,1398
starved-03,30,58,0.393866136,290,710
starved-03,31,98,0.449974387,301,1386
starved-03,32,116,0.439706869,303,1405
starved-03,33,26,0.258514241,311,1384
starved-03,34,39,0.252391656,345,1084
starved-03,35,68,0.367207016,347,1180
starved-03,36,26,0.223115071,346,1396
starved-03,37,24,0.231239668,348,1094
starved-03,38,56,0.305357552,364,1629
starved-03,39,49,0.26397018,371,1203
starved-03,40,9,0.225879301,372,1156
starved-03,41,46,0.251903231,377,1184
starved-03,42,41,0.276643834,385,1155
starved-03,43,56,0.372931585,386,1592
starved-03,44,171,0.415321307,394,1609
starved-03,45,83,0.307569486,422,430
starved-03,46,53,0.353106722,419,1737
starved-03,47,12,0.223141578,420,418
starved-03,48,52,0.345954892,436,128
starved-03,49,103,0.402525442,450,401
starved-03,50,65,0.328308185,449,417
starved-03,51,56,0.31985662,469,452
starved-03,52,129,0.432890881,474,1648
starved-03,53,92,0.364875888,477,178
starved-03,54,104,0.418148406,480,199
starved-03,55,46,0.282760291,482,491
starved-03,56,53,0.364445327,490,208
starved-03,57,97,0.407750167,492,1655
starved-03,58,50,0.295055772,494,497
starved-03,59,49,0.362101572,495,513
starved-03,60,36,0.236294007,498,193
starved-03,61,106,0.363518126,502,1452
starved-03,62,99,0.356068659,504,526
starved-03,63,12,0.218823275,502,831
starved-03,64,98,0.419834393,505,924
starved-03,65,52,0.385398877,506,206
starved-03,66,61,0.334963547,507,951
starved-03,67,52,0.347600225,508,962
starved-03,68,89,0.435084435,520,1444
starved-03,69,141,0.435791064,527,944
starved-03,70,109,0.422061046,530,960
starved-03,71,57,0.311991048,528,1519
starved-03,72,57,0.329973671,579,896
starved-03,73,54,0.364446479,594,1451
starved-03,74,72,0.392075905,597,896
starved-03,75,117,0.449922042,599,1464
starved-03,76,58,0.378277204,641,1528
starved-03,77,72,0.371629875,643,1543
starved-03,78,134,0.442143938,652,655
starved-03,79,88,0.389187943,653,1507
starved-03,80,111,0.437837838,664,1112
starved-03,81,49,0.266469234,681,1115
starved-03,82,37,0.322750171,696,1654
starved-03,83,52,0.366501458,706,1656
starved-03,84,134,0.448560926,728,1155
starved-03,85,71,0.359564452,727,262
starved-03,86,27,0.229273021,727,637
starved-03,87,63,0.381716059,738,1166
starved-03,88,148,0.39187653,750,294
starved-03,89,53,0.316666739,755,1726
starved-03,90,67,0.367306293,760,636
starved-03,91,51,0.288959499,761,1244
starved-03,92,76,0.338621789,763,1200
starved-03,93,15,0.214095267,765,44
starved-03,94,105,0.436098922,769,1733
starved-03,95,169,0.394951882,772,299
starved-03,96,48,0.252777778,772,1225
starved-03,97,56,0.320857448,774,55
starved-03,98,81,0.368691878,777,278
starved-03,99,106,0.393757189,783,75
starved-03,100,37,0.251864591,810,1530
starved-03,101,43,0.243693322,809,1558
starved-03,102,31,0.269435933,818,1636
starved-03,103,44,0.271762833,821,1653
starved-03,104,68,0.427793635,830,1635
starved-03,105,31,0.247622915,833,1657
starved-03,106,71,0.342392249,852,324
starved-03,107,24,0.223710613,864,319
starved-03,108,81,0.390500788,870,944
starved-03,109,117,0.389925655,886,76
starved-03,110,135,0.426235006,894,964
starved-03,111,71,0.293600775,901,940
starved-03,112,81,0.319819303,930,942
starved-03,113,113,0.367679636,945,1319
starved-03,114,50,0.394290379,955,1464
starved-03,115,127,0.428877999,982,922
starved-03,116,33,0.24599023,1014,914
starved-03,117,50,0.330539406,1015,1550
starved-03,118,104,0.41121142,1017,1565
starved-03,119,94,0.431369789,1021,924
starved-03,120,144,0.384469707,1024,713
starved-03,121,9,0.217917483,1022,1589
starved-03,122,71,0.291210481,1050,279
starved-03,123,73,0.390456213,1053,265
starved-03,124,132,0.464106041,1060,1291
starved-03,125,56,0.40640007,1059,1276
starved-03,126,9,0.205874723,1069,1075
starved-03,127,26,0.221178936,1072,1088
starved-03,128,32,0.228553445,1077,758
starved-03,129,93,0.329438017,1097,742
starved-03,130,76,0.371523653,1123,39
starved-03,131,25,0.31504387,1128,1
starved-03,132,33,0.250140684,1126,765
starved-03,133,27,0.223036037,1131,1045
starved-03,134,88,0.428815622,1165,1143
starved-03,135,56,0.381831955,1176,1108
starved-03,136,96,0.431006332,1180,1125
starved-03,137,124,0.420155076,1201,136
starved-03,138,81,0.332748216,1223,91
starved-03,139,88,0.424556621,1233,59
starved-03,140,89,0.407580133,1233,541
starved-03,141,149,0.454324678,1280,416
starved-03,142,271,0.445650376,1305,1462
starved-03,143,73,0.389637034,1311,1488
starved-03,144,112,0.38382748,1371,1254
starved-03,145,82,0.389654941,1377,4
starved-03,146,31,0.290410197,1374,1242
starved-03,147,107,0.438287738,1384,1586
starved-03,148,16,0.216017205,1382,1570
starved-03,149,67,0.401626566,1386,857
starved-03,150,92,0.398011849,1399,865
starved-03,151,144,0.473922226,1401,848
starved-03,152,64,0.31622344,1407,1135
starved-03,153,37,0.234352595,1405,1173
starved-03,154,42,0.281980548,1416,1136
starved-03,155,77,0.333196597,1435,1158
starved-03,156,56,0.371342194,1449,786
starved-03,157,43,0.247601051,1465,1111
starved-03,158,85,0.365325937,1467,1126
starved-03,159,50,0.332120241,1466,805
starved-03,160,52,0.399430134,1470,780
starved-03,161,81,0.423724388,1473,792
starved-03,162,180,0.424624077,1480,17
starved-03,163,66,0.295994507,1484,272
starved-03,164,22,0.217013809,1484,35
starved-03,165,37,0.239380649,1491,286
starved-03,166,29,0.268622979,1492,5
starved-03,167,15,0.205035477,1498,352
starved-03,168,110,0.372616298,1505,1399
starved-03,169,25,0.226327916,1502,338
starved-03,170,40,0.254784466,1508,243
starved-03,171,146,0.458693305,1519,282
starved-03,172,144,0.448792524,1522,307
starved-03,173,52,0.270702385,1520,1387
starved-03,174,42,0.245880609,1523,1402
starved-03,175,12,0.205249104,1527,252
starved-03,176,69,0.376170273,1534,271
starved-03,177,50,0.246252842,1534,337
starved-03,178,46,0.266527013,1540,1420
starved-03,179,68,0.337468304,1544,1288
starved-03,180,122,0.430526174,1560,6
starved-03,181,119,0.336636591,1577,1290
starved-03,182,44,0.358788503,1639,882
starved-03,183,109,0.378133682,1648,1150
starved-03,184,76,0.431767677,1651,881
starved-03,185,29,0.279413212,1664,791
starved-03,186,66,0.408200799,1673,793
starved-03,187,121,0.468007569,1678,810
starved-03,188,52,0.30692877,1693,814
starved-03,189,9,0.217590261,1692,783
starved-03,190,113,0.392788289,1703,1424
starved-03,191,58,0.375276438,1704,337
starved-03,192,49,0.386275911,1705,353
starved-03,193,9,0.322265456,1706,344
starved-03,194,60,0.388409247,1716,346
starved-03,195,55,0.325929101,1724,801
starved-03,196,57,0.298146297,1726,420
starved-03,197,102,0.438213677,1738,410
starved-03,198,86,0.350812011,1738,1198
starved-03,199,110,0.320777933,1780,1127
starved-03,200,96,0.388519176,1780,414
starved-03,201,99,0.438361643,1785,391
starved-03,202,15,0.204605173,1783,229
starved-03,203,50,0.298835431,1797,396
starved-03,204,81,0.413009541,1800,67
starved-03,205,180,0.399224672,1805,1123
starved-03,206,98,0.434115747,1814,939
starved-03,207,20,0.237563897,1814,47
starved-03,208,75,0.396724397,1822,410
starved-03,209,47,0.300933885,1824,39
starved-03,210,62,0.353000244,1830,1152
starved-03,211,52,0.421473552,1836,25
starved-05,1,108,0.305063452,6,1677
starved-05,2,9,0.176597747,5,258
starved-05,3,100,0.278723583,21,263
starved-05,4,56,0.22442261,25,278
starved-05,5,61,0.239211184,39,273
starved-05,6,149,0.295414152,121,1248
starved-05,7,27,0.199442763,120,1789
starved-05,8,18,0.183334605,124,1772
starved-05,9,45,0.198258776,126,1791
starved-05,10,87,0.231467786,186,1226
starved-05,11,52,0.195696662,206,1295
starved-05,12,76,0.230886268,211,745
starved-05,13,140,0.273134312,213,157
starved-05,14,148,0.286199967,219,175
starved-05,15,72,0.229284818,219,134
starved-05,16,180,0.280372829,225,108
starved-05,17,112,0.277171005,235,140
starved-05,18,21,0.181233583,235,1312
starved-05,19,161,0.31055313,240,767
starved-05,20,101,0.24059338,258,1270
starved-05,21,96,0.227008787,272,750
starved-05,22,49,0.207510241,291,623
starved-05,23,9,0.182460602,289,636
starved-05,24,31,0.189879331,364,1101
starved-05,25,70,0.239067892,373,1111
starved-05,26,88,0.234230494,394,430
starved-05,27,16,0.188756008,417,1837
starved-05,28,229,0.252812074,438,1121
starved-05,29,25,0.190416724,445,1199
starved-05,30,92,0.228262196,457,1178
starved-05,31,56,0.214670187,472,356
starved-05,32,122,0.305339782,487,359
starved-05,33,157,0.284126389,499,1480
starved-05,34,72,0.217494469,504,1499
starved-05,35,98,0.281149347,560,424
starved-05,36,190,0.271066244,597,360
starved-05,37,45,0.194699694,589,444
starved-05,38,15,0.184387986,592,432
starved-05,39,30,0.206256199,605,617
starved-05,40,81,0.271812913,615,622
starved-05,41,74,0.257270202,619,1383
starved-05,42,168,0.279803776,631,1425
starved-05,43,176,0.28825957,639,1382
starved-05,44,75,0.267306732,640,1400
starved-05,45,18,0.195637615,642,1415
starved-05,46,32,0.191796845,654,1644
starved-05,47,17,0.18057706,654,1732
starved-05,48,167,0.2631443,675,1630
starved-05,49,53,0.194267502,677,1192
starved-05,50,20,0.188717479,685,1194
starved-05,51,68,0.225155844,694,1085
starved-05,52,66,0.251164656,717,1711
starved-05,53,56,0.205558371,742,1001
starved-05,54,58,0.222754359,745,1134
starved-05,55,130,0.267999249,807,1443
starved-05,56,84,0.255877448,819,1381
starved-05,57,73,0.221891889,827,1340
starved-05,58,114,0.255108359,830,1437
starved-05,59,28,0.190523057,837,1096
starved-05,60,92,0.23625328,844,1397
starved-05,61,101,0.279173777,870,1379
starved-05,62,71,0.219735503,870,1394
starved-05,63,105,0.267773745,886,90
starved-05,64,148,0.27482447,887,170
starved-05,65,74,0.258993028,883,1483
starved-05,66,69,0.280434948,906,82
starved-05,67,138,0.328403564,918,73
starved-05,68,26,0.183111784,927,56
starved-05,69,121,0.31464658,965,324
starved-05,70,25,0.182334936,963,310
starved-05,71,33,0.188205701,966,344
starved-05,72,197,0.298091886,980,1008
starved-05,73,30,0.194080517,979,315
starved-05,74,12,0.175071845,980,953
starved-05,75,122,0.250303867,984,1031
starved-05,76,86,0.243636899,989,547
starved-05,77,79,0.262447064,990,348
starved-05,78,86,0.245859571,992,946
starved-05,79,74,0.23926167,999,931
starved-05,80,73,0.211628002,1000,988
starved-05,81,75,0.214950993,1000,1030
starved-05,82,31,0.185477841,1008,316
starved-05,83,43,0.22212913,1019,640
starved-05,84,65,0.258606382,1022,316
starved-05,85,112,0.286890457,1025,628
starved-05,86,61,0.222790975,1036,312
starved-05,87,87,0.231452001,1041,664
starved-05,88,64,0.208554589,1046,1451
starved-05,89,37,0.194997515,1050,601
starved-05,90,63,0.224155274,1055,639
starved-05,91,105,0.281955335,1064,1460
starved-05,92,65,0.265613325,1069,632
starved-05,93,55,0.230672021,1073,643
starved-05,94,162,0.283136614,1082,954
starved-05,95,69,0.219030212,1102,979
starved-05,96,85,0.254373101,1111,963
starved-05,97,58,0.259713025,1129,1367
starved-05,98,160,0.30809968,1137,1381
starved-05,99,76,0.225536375,1153,1367
starved-05,100,184,0.29220322,1174,1427
starved-05,101,78,0.265380605,1192,1421
starved-05,102,48,0.221863635,1207,1436
starved-05,103,66,0.277321857,1215,172
starved-05,104,14,0.1778439,1218,150
starved-05,105,30,0.197548892,1222,182
starved-05,106,137,0.263085809,1245,157
starved-05,107,53,0.254570869,1248,62
starved-05,108,44,0.2488743,1258,70
starved-05,109,42,0.232230687,1260,59
starved-05,110,19,0.186709392,1272,710
starved-05,111,89,0.24103031,1314,1620
starved-05,112,96,0.283005264,1337,1712
starved-05,113,52,0.206514135,1351,1131
starved-05,114,136,0.254351963,1356,1690
starved-05,115,83,0.260583097,1357,410
starved-05,116,164,0.250140495,1363,1739
starved-05,117,20,0.186723888,1359,704
starved-05,118,85,0.282444495,1367,431
starved-05,119,67,0.22702555,1368,123
starved-05,120,65,0.247361891,1369,416
starved-05,121,49,0.188907625,1377,110
starved-05,122,64,0.266199598,1382,432
starved-05,123,18,0.188649831,1403,976
starved-05,124,46,0.243061292,1409,968
starved-05,125,103,0.335480115,1418,1300
starved-05,126,51,0.25292876,1418,1355
starved-05,127,45,0.218863203,1428,1360
starved-05,128,71,0.296885548,1433,1284
starved-05,129,85,0.275435039,1436,1304
starved-05,130,97,0.24181963,1446,356
starved-05,131,142,0.352545839,1448,1292
starved-05,132,66,0.272266265,1457,349
starved-05,133,80,0.268436141,1494,423
starved-05,134,72,0.280368209,1508,418
starved-05,135,30,0.19111162,1520,417
starved-05,136,79,0.2647336,1544,1784
starved-05,137,19,0.17613248,1551,699
starved-05,138,43,0.220110681,1574,3
starved-05,139,78,0.241060267,1583,619
starved-05,140,218,0.328882249,1597,630
starved-05,141,119,0.255215732,1613,1681
starved-05,142,95,0.238364393,1626,1666
starved-05,143,144,0.293400791,1635,628
starved-05,144,73,0.246922537,1634,885
starved-05,145,54,0.233725829,1638,1699
starved-05,146,9,0.178776396,1638,121
starved-05,147,43,0.219259725,1646,117
starved-05,148,71,0.266426391,1680,581
starved-05,149,63,0.20533436,1687,823
starved-05,150,51,0.211224357,1692,846
starved-05,151,85,0.272747656,1696,604
starved-05,152,54,0.249844725,1700,834
starved-05,153,48,0.231036851,1742,59
starved-05,154,32,0.192926967,1742,482
starved-05,155,79,0.233327635,1757,53
starved-05,156,67,0.24575839,1761,71
starved-05,157,76,0.27535688,1766,89
starved-05,158,116,0.272392878,1773,1043
starved-05,159,108,0.24321793,1777,1064
starved-05,160,80,0.284231136,1780,87
starved-05,161,75,0.245242593,1779,936
starved-05,162,225,0.274322287,1801,330
starved-05,163,15,0.180901808,1798,1502
starved-05,164,248,0.323178024,1816,1495
starved-05,165,22,0.180071024,1825,1514
starved-05,166,32,0.273360132,1837,1486
starved-06,1,18,0.218594814,0,9
starved-06,2,14,0.221463994,0,63
starved-06,3,151,0.407172246,7,977
starved-06,4,16,0.19115835,16,458
starved-06,5,98,0.408383431,43,157
starved-06,6,65,0.266996262,50,928
starved-06,7,62,0.2764445,66,951
starved-06,8,78,0.3865345,131,400
starved-06,9,35,0.235883552,138,1397
starved-06,10,110,0.414893776,142,436
starved-06,11,181,0.425246768,147,1411
starved-06,12,86,0.42058513,159,433
starved-06,13,174,0.408330812,188,679
starved-06,14,75,0.322359655,188,1833
starved-06,15,64,0.307263771,215,1828
starved-06,16,94,0.286934544,240,573
starved-06,17,69,0.357259037,254,1768
starved-06,18,54,0.31335447,254,94
starved-06,19,61,0.266463797,261,108
starved-06,20,52,0.292979089,262,685
starved-06,21,18,0.211141629,264,1773
starved-06,22,92,0.341087073,271,673
starved-06,23,90,0.333922162,326,1034
starved-06,24,45,0.277938337,326,1120
starved-06,25,124,0.318908266,345,1124
starved-06,26,56,0.221005134,349,1103
starved-06,27,9,0.213039682,409,1746
starved-06,28,54,0.346455527,416,1744
starved-06,29,64,0.364303664,423,1732
starved-06,30,79,0.256552253,458,333
starved-06,31,30,0.19630986,476,1702
starved-06,32,54,0.236339078,515,671
starved-06,33,57,0.324221556,516,1766
starved-06,34,128,0.401951367,520,1746
starved-06,35,141,0.406194189,542,1756
starved-06,36,101,0.357518883,541,1166
starved-06,37,50,0.225407492,545,1184
starved-06,38,98,0.398347977,558,754
starved-06,39,19,0.200431268,556,768
starved-06,40,72,0.362497775,560,1771
starved-06,41,132,0.414131704,574,1438
starved-06,42,58,0.307216991,591,1483
starved-06,43,125,0.385064103,599,1452
starved-06,44,136,0.361819683,636,460
starved-06,45,50,0.239980163,640,444
starved-06,46,45,0.298937124,682,1505
starved-06,47,68,0.253608534,742,303
starved-06,48,56,0.270483057,758,1795
starved-06,49,237,0.330914424,785,1753
starved-06,50,118,0.312557011,796,1797
starved-06,51,41,0.201463377,829,1356
starved-06,52,136,0.265590569,847,1345
starved-06,53,54,0.234737163,847,1383
starved-06,54,15,0.180271102,854,1740
starved-06,55,55,0.224414435,878,1367
starved-06,56,61,0.219328178,881,1352
starved-06,57,62,0.291801475,882,49
starved-06,58,45,0.214696473,887,1394
starved-06,59,80,0.270385863,908,36
starved-06,60,55,0.328160247,908,702
starved-06,61,79,0.33862184,920,706
starved-06,62,37,0.210462328,922,361
starved-06,63,9,0.175817841,978,342
starved-06,64,15,0.19206124,998,93
starved-06,65,106,0.30853915,1010,110
starved-06,66,15,0.18893314,1008,1831
starved-06,67,47,0.226221817,1059,1089
starved-06,68,58,0.245174334,1065,370
starved-06,69,93,0.26759435,1069,389
starved-06,70,75,0.303923705,1069,1101
starved-06,71,9,0.186729737,1110,324
starved-06,72,101,0.335103833,1120,1572
starved-06,73,62,0.271732662,1121,1556
starved-06,74,35,0.231590099,1150,879
starved-06,75,43,0.311828403,1158,895
starved-06,76,49,0.296500234,1200,915
starved-06,77,52,0.265352337,1224,910
starved-06,78,123,0.434855452,1232,925
starved-06,79,108,0.368924578,1235,652
starved-06,80,100,0.439101244,1240,942
starved-06,81,59,0.24746642,1241,907
starved-06,82,69,0.252456316,1250,660
starved-06,83,36,0.201058383,1303,317
starved-06,84,32,0.196242943,1342,631
starved-06,85,50,0.296487678,1357,683
starved-06,86,37,0.198862997,1360,340
starved-06,87,32,0.217895972,1367,660
starved-06,88,83,0.395574884,1399,284
starved-06,89,102,0.410756862,1419,295
starved-06,90,54,0.359624063,1423,328
starved-06,91,38,0.211202933,1510,990
starved-06,92,53,0.240575179,1513,1360
starved-06,93,39,0.215675711,1521,1181
starved-06,94,52,0.22709122,1525,1281
starved-06,95,9,0.189359375,1528,1356
starved-06,96,99,0.370115591,1545,1288
starved-06,97,36,0.227551859,1581,826
starved-06,98,47,0.215002216,1582,1402
starved-06,99,74,0.294639134,1748,1788
starved-06,100,101,0.414362819,1758,1096
starved-06,101,56,0.264070726,1767,1786
starved-06,102,83,0.377317004,1835,1363
